id,title,url,industry,location,asking_price,asking_price_text,annual_cash_flow,annual_revenue,employees,down_10,sba_monthly_10pct,annual_debt_service_10pct,cf_after_debt_10pct,coc_return_10pct,dscr_10pct,payoff_years_10pct,down_20,sba_monthly_20pct,annual_debt_service_20pct,cf_after_debt_20pct,coc_return_20pct,dscr_20pct,payoff_years_20pct,seller_note_amount,seller_note_monthly,seller_note_annual,cf_during_standby,cf_after_seller_financing,dscr_seller_financed,score,bucket,absentee,reasons,is_trades,years_in_business,is_franchise,reason_for_selling,sba_available,listing_agent,narrative,dim_ai_proof,dim_fun,dim_weather,dim_labor,dim_recurring,dim_absentee,dim_capital_light,dim_scalable,last_seen,is_active,source
calhoun_2-niche-sustainable-natural-food-stores-twin-cities-metro-11734-djcl,2 Niche Sustainable Natural Food-Like Stores in Twin Cities Metro - 11734 DJCL,https://www.calhouncompanies.com/business/2-niche-sustainable-natural-food-stores-twin-cities-metro-11734-djcl,,Minnesota,135000.0,"$135,000",84400.0,1072379.0,,13500.0,1605.63,19267.56,65132.44,4.8246,4.38,0.21,27000.0,1427.23,17126.76,67273.24,2.4916,4.93,0.4,13500.0,260.99,3131.88,65132.44,62000.56,3.77,39,REVIEW,No,"modest CF $84,400; DSCR 4.93; CoC 249%; no heavy inventory; Twin Cities area",False,6,,,,,"2 Niche Sustainable Natural Food-Like Stores in Twin Cities Metro - 11734 DJCL in Minnesota is listed at $135,000 with $84,400 in annual cash flow (SDE) and $1,072,379 in gross revenue, 6 years in operation. What's attractive: cash flow of $84,400 meets our minimum threshold; DSCR of 4.93x at 20% down is comfortable — well above the SBA minimum; cash-on-cash return of 249% at 20% down is excellent. Watch-outs: no absentee signals — likely owner-operated and may be dependent on the current owner. Bottom line: Marginal fit (score 39/100). Proceed only if something specific about this deal appeals beyond the numbers.",2,2,2,2,1,1,1,1,2026-04-02T15:10:34.129254,True,calhoun
calhoun_245d-hcbs-business-available-11903-sj,245D HCBS Business Available! - 11903 SJ,https://www.calhouncompanies.com/business/245d-hcbs-business-available-11903-sj,,Minnesota,8000000.0,"$8,000,000",,,,800000.0,95148.53,1141782.36,,,,,1600000.0,84576.47,1014917.64,,,,,,,,,,,0,AUTO-REJECT,No,"over max price $8,000,000",False,,,,,,"245D HCBS Business Available! - 11903 SJ in Minnesota is listed at $8,000,000. No standout strengths were identified from the available data. Watch-outs: no absentee signals — likely owner-operated and may be dependent on the current owner; cash flow data is missing — cannot model returns without seller verification. Bottom line: Auto-rejected — does not meet baseline criteria.",2,3,2,2,1,1,2,2,2026-04-02T15:10:34.129270,True,calhoun
calhoun_245d-ics-services-business-available-11902-sj,245D ICS Services Business Available! - 11902 SJ,https://www.calhouncompanies.com/business/245d-ics-services-business-available-11902-sj,,Minnesota,1250000.0,"$1,250,000",701982.0,1280468.0,,125000.0,14866.96,178403.52,523578.48,4.1886,3.93,0.24,250000.0,13215.07,158580.84,543401.16,2.1736,4.43,0.46,125000.0,2416.6,28999.2,523578.48,494579.28,3.38,0,AUTO-REJECT,No,regulated: adult,False,3,,,,,"245D ICS Services Business Available! - 11902 SJ in Minnesota is listed at $1,250,000 with $701,982 in annual cash flow (SDE) and $1,280,468 in gross revenue, 3 years in operation. What's attractive: cash flow of $701,982 is strong and well above our preferred threshold; DSCR of 4.43x at 20% down is comfortable — well above the SBA minimum; cash-on-cash return of 217% at 20% down is excellent. Watch-outs: no absentee signals — likely owner-operated and may be dependent on the current owner. Bottom line: Auto-rejected — does not meet baseline criteria.",2,2,2,2,1,1,2,2,2026-04-02T15:10:34.129282,True,calhoun
calhoun_249-acres-commercial-land-vacant-10000sf-building-avon-mn-11790-jl,"2.49 Acres of Commercial land with Vacant 10,000sf building in Avon, MN - 11790 (JL)",https://www.calhouncompanies.com/business/249-acres-commercial-land-vacant-10000sf-building-avon-mn-11790-jl,,Minnesota,899900.0,"$899,900",,,,89990.0,10703.02,128436.24,,,,,179980.0,9513.8,114165.6,,,,,,,,,,,0,AUTO-REJECT,No,no cash flow data,False,,,,,,"2.49 Acres of Commercial land with Vacant 10,000sf building in Avon, MN - 11790 (JL) in Minnesota is listed at $899,900. No standout strengths were identified from the available data. Watch-outs: no absentee signals — likely owner-operated and may be dependent on the current owner; cash flow data is missing — cannot model returns without seller verification. Bottom line: Auto-rejected — does not meet baseline criteria.",2,3,3,3,1,1,1,2,2026-04-02T15:10:34.129289,True,calhoun
calhoun_asset-sale-opportunity-distillery-operation-11940-rw,Asset Sale Opportunity - Distillery Operation - 11940 RW,https://www.calhouncompanies.com/business/asset-sale-opportunity-distillery-operation-11940-rw,,Minnesota,350000.0,"$350,000",,,,35000.0,4162.75,49953.0,,,,,70000.0,3700.22,44402.64,,,,,,,,,,,0,AUTO-REJECT,No,no cash flow data,False,3,,,,,"Asset Sale Opportunity - Distillery Operation - 11940 RW in Minnesota is listed at $350,000, 3 years in operation. No standout strengths were identified from the available data. Watch-outs: no absentee signals — likely owner-operated and may be dependent on the current owner; cash flow data is missing — cannot model returns without seller verification. Bottom line: Auto-rejected — does not meet baseline criteria.",2,3,2,3,1,1,1,1,2026-04-02T15:10:34.129296,True,calhoun
calhoun_assisted-living-11917-sj,Assisted Living - 11917 SJ,https://www.calhouncompanies.com/business/assisted-living-11917-sj,,Minnesota,2466000.0,"$2,466,000",390975.0,1522829.0,,246600.0,29329.53,351954.36,39020.64,0.1582,1.11,6.32,493200.0,26070.7,312848.4,78126.6,0.1584,1.25,6.31,246600.0,4767.47,57209.64,39020.64,-18189.0,0.96,39,REVIEW,No,"strong CF $390,975; DSCR 1.25; CoC 16%; no heavy inventory; Twin Cities area",False,12,,,,,"Assisted Living - 11917 SJ in Minnesota is listed at $2,466,000 with $390,975 in annual cash flow (SDE) and $1,522,829 in gross revenue, 12 years in operation. What's attractive: cash flow of $390,975 is strong and well above our preferred threshold; DSCR of 1.25x at 20% down clears the SBA minimum; cash-on-cash return of 16% at 20% down is acceptable. Watch-outs: DSCR of 1.25x at 20% down is thin — leaves little cushion if revenue dips; no absentee signals — likely owner-operated and may be dependent on the current owner. Bottom line: Marginal fit (score 39/100). Proceed only if something specific about this deal appeals beyond the numbers.",1,1,2,1,1,1,3,3,2026-04-02T15:10:34.129307,True,calhoun
calhoun_available-gas-station-motel-11843-jdd,Available - Gas Station with Motel! - 11843 JDD,https://www.calhouncompanies.com/business/available-gas-station-motel-11843-jdd,,Minnesota,600000.0,"$600,000",34044.0,118798.0,,60000.0,7136.14,85633.68,-51589.68,-0.8598,0.4,,120000.0,6343.24,76118.88,-42074.88,-0.3506,0.45,,60000.0,1159.97,13919.64,-51589.68,-65509.32,0.34,0,AUTO-REJECT,No,DSCR 0.45 below 1.25,False,38,,,,,"Available - Gas Station with Motel! - 11843 JDD in Minnesota is listed at $600,000 with $34,044 in annual cash flow (SDE) and $118,798 in gross revenue, 38 years in operation. No standout strengths were identified from the available data. Watch-outs: DSCR of 0.45x at 20% down is thin — leaves little cushion if revenue dips; cash-on-cash return of -35% is below our 15% target; only $-42,075 remains after SBA debt at 20% down — limited owner salary buffer; no absentee signals — likely owner-operated and may be dependent on the current owner. Bottom line: Auto-rejected — does not meet baseline criteria.",3,3,2,2,1,1,2,2,2026-04-02T15:10:34.129318,True,calhoun
calhoun_boutique-fashion-and-home-decor-business-11926-cp,Boutique Fashion and Home Decor Business - 11926 CP,https://www.calhouncompanies.com/business/boutique-fashion-and-home-decor-business-11926-cp,,Minnesota,179000.0,"$179,000",,843170.0,,17900.0,2128.95,25547.4,,,,,35800.0,1892.4,22708.8,,,,,,,,,,,0,AUTO-REJECT,No,no cash flow data,False,11,,,,,"Boutique Fashion and Home Decor Business - 11926 CP in Minnesota is listed at $179,000 and $843,170 in gross revenue, 11 years in operation. No standout strengths were identified from the available data. Watch-outs: no absentee signals — likely owner-operated and may be dependent on the current owner; cash flow data is missing — cannot model returns without seller verification. Bottom line: Auto-rejected — does not meet baseline criteria.",2,3,3,2,1,1,2,1,2026-04-02T15:10:34.129325,True,calhoun
calhoun_branded-gas-station-c-store-restaurant-real-estate-2-hours-north-minneapolis-mn-11939-jdd,"Branded Gas Station, C-Store &amp; Restaurant with Real Estate | 2 Hours North of Minneapolis, MN - 11939 JDD",https://www.calhouncompanies.com/business/branded-gas-station-c-store-restaurant-real-estate-2-hours-north-minneapolis-mn-11939-jdd,,Minnesota,2100000.0,"$2,100,000",334574.0,3263412.0,,210000.0,24976.49,299717.88,34856.12,0.166,1.12,6.02,420000.0,22201.32,266415.84,68158.16,0.1623,1.26,6.16,210000.0,4059.89,48718.68,34856.12,-13862.56,0.96,39,REVIEW,No,"strong CF $334,574; DSCR 1.26; CoC 16%; no heavy inventory; Twin Cities area",False,7,,,,,"Branded Gas Station, C-Store &amp; Restaurant with Real Estate | 2 Hours North of Minneapolis, MN - 11939 JDD in Minnesota is listed at $2,100,000 with $334,574 in annual cash flow (SDE) and $3,263,412 in gross revenue, 7 years in operation. What's attractive: cash flow of $334,574 is strong and well above our preferred threshold; DSCR of 1.26x at 20% down clears the SBA minimum; cash-on-cash return of 16% at 20% down is acceptable. Watch-outs: DSCR of 1.26x at 20% down is thin — leaves little cushion if revenue dips; no absentee signals — likely owner-operated and may be dependent on the current owner. Bottom line: Marginal fit (score 39/100). Proceed only if something specific about this deal appeals beyond the numbers.",2,3,3,1,1,1,1,3,2026-04-02T15:10:34.129338,True,calhoun
calhoun_brewery-assets-and-social-space-available-11945-rw,Brewery Assets and Social Space Available - 11945 RW,https://www.calhouncompanies.com/business/brewery-assets-and-social-space-available-11945-rw,,Minnesota,650000.0,"$650,000",,1015494.0,,65000.0,7730.82,92769.84,,,,,130000.0,6871.84,82462.08,,,,,,,,,,,0,AUTO-REJECT,No,no cash flow data,False,13,,,,,"Brewery Assets and Social Space Available - 11945 RW in Minnesota is listed at $650,000 and $1,015,494 in gross revenue, 13 years in operation. No standout strengths were identified from the available data. Watch-outs: no absentee signals — likely owner-operated and may be dependent on the current owner; cash flow data is missing — cannot model returns without seller verification. Bottom line: Auto-rejected — does not meet baseline criteria.",2,3,1,3,1,1,3,3,2026-04-02T15:10:34.129346,True,calhoun
calhoun_bubble-tea-shop-11889-trm,Bubble Tea Shop - 11889 TRM,https://www.calhouncompanies.com/business/bubble-tea-shop-11889-trm,,Minnesota,129900.0,"$129,900",31540.0,166780.0,,12990.0,1544.97,18539.64,13000.36,1.0008,1.7,1.0,25980.0,1373.31,16479.72,15060.28,0.5797,1.91,1.73,12990.0,251.13,3013.56,13000.36,9986.8,1.46,34,SKIP,No,"low CF $31,540; DSCR 1.91; CoC 58%; no heavy inventory; Twin Cities area",False,5,,,,,"Bubble Tea Shop - 11889 TRM in Minnesota is listed at $129,900 with $31,540 in annual cash flow (SDE) and $166,780 in gross revenue, 5 years in operation. What's attractive: DSCR of 1.91x at 20% down is comfortable — well above the SBA minimum; cash-on-cash return of 58% at 20% down is excellent. Watch-outs: only $15,060 remains after SBA debt at 20% down — limited owner salary buffer; no absentee signals — likely owner-operated and may be dependent on the current owner. Bottom line: Score of 34/100 — below review threshold. Pass unless there is a specific strategic reason to look closer.",2,3,2,2,1,1,2,2,2026-04-02T15:10:34.129356,True,calhoun
calhoun_bulk-fuel-service-station-two-parcel-opportunity-11762-jdd,Bulk Fuel &amp; Service Station – Two-Parcel Opportunity! - 11762 JDD,https://www.calhouncompanies.com/business/bulk-fuel-service-station-two-parcel-opportunity-11762-jdd,,Minnesota,475000.0,"$475,000",27575.0,1307338.0,,47500.0,5649.44,67793.28,-40218.28,-0.8467,0.41,,95000.0,5021.73,60260.76,-32685.76,-0.3441,0.46,,47500.0,918.31,11019.72,-40218.28,-51238.0,0.35,0,AUTO-REJECT,No,DSCR 0.46 below 1.25,False,50,,,,,"Bulk Fuel &amp; Service Station – Two-Parcel Opportunity! - 11762 JDD in Minnesota is listed at $475,000 with $27,575 in annual cash flow (SDE) and $1,307,338 in gross revenue, 50 years in operation. No standout strengths were identified from the available data. Watch-outs: DSCR of 0.46x at 20% down is thin — leaves little cushion if revenue dips; cash-on-cash return of -34% is below our 15% target; only $-32,686 remains after SBA debt at 20% down — limited owner salary buffer; no absentee signals — likely owner-operated and may be dependent on the current owner. Bottom line: Auto-rejected — does not meet baseline criteria.",3,1,3,3,2,1,1,3,2026-04-02T15:10:34.129367,True,calhoun
calhoun_charming-farm-inspired-cafe-bistro-apartment-and-real-estate-50-minutes-west-minneapolis,"Charming Farm-Inspired Café &amp; Bistro with Apartment and Real Estate | 50 Minutes West of Minneapolis, MN! - 11924 JDD",https://www.calhouncompanies.com/business/charming-farm-inspired-cafe-bistro-apartment-and-real-estate-50-minutes-west-minneapolis,,Minnesota,600000.0,"$600,000",,274464.0,,60000.0,7136.14,85633.68,,,,,120000.0,6343.24,76118.88,,,,,,,,,,,0,AUTO-REJECT,No,no cash flow data,False,1,,,,,"Charming Farm-Inspired Café &amp; Bistro with Apartment and Real Estate | 50 Minutes West of Minneapolis, MN! - 11924 JDD in Minnesota is listed at $600,000 and $274,464 in gross revenue, 1 years in operation. No standout strengths were identified from the available data. Watch-outs: no absentee signals — likely owner-operated and may be dependent on the current owner; cash flow data is missing — cannot model returns without seller verification. Bottom line: Auto-rejected — does not meet baseline criteria.",2,3,3,1,1,1,2,2,2026-04-02T15:10:34.129374,True,calhoun
calhoun_church-based-publication-advertising-business-available-11922-mb,Church-Based Publication Advertising Business Available! - 11922 MB,https://www.calhouncompanies.com/business/church-based-publication-advertising-business-available-11922-mb,,Minnesota,80000.0,"$80,000",79197.0,160072.0,,8000.0,951.49,11417.88,67779.12,8.4724,6.94,0.12,16000.0,845.76,10149.12,69047.88,4.3155,7.8,0.23,8000.0,154.66,1855.92,67779.12,65923.2,5.97,34,SKIP,No,"modest CF $79,197; DSCR 7.80; CoC 432%; no heavy inventory; Minnesota (not TC)",False,,,,,,"Church-Based Publication Advertising Business Available! - 11922 MB in Minnesota is listed at $80,000 with $79,197 in annual cash flow (SDE) and $160,072 in gross revenue. What's attractive: cash flow of $79,197 meets our minimum threshold; DSCR of 7.80x at 20% down is comfortable — well above the SBA minimum; cash-on-cash return of 432% at 20% down is excellent. Watch-outs: no absentee signals — likely owner-operated and may be dependent on the current owner. Bottom line: Score of 34/100 — below review threshold. Pass unless there is a specific strategic reason to look closer.",2,2,2,2,1,1,2,2,2026-04-02T15:10:34.129385,True,calhoun
calhoun_commercial-property-mini-golf-course-11892-am,Commercial Property - Mini Golf Course - 11892 AM,https://www.calhouncompanies.com/business/commercial-property-mini-golf-course-11892-am,,Minnesota,1300000.0,"$1,300,000",,,,130000.0,15461.64,185539.68,,,,,260000.0,13743.68,164924.16,,,,,,,,,,,0,AUTO-REJECT,No,no cash flow data,False,7,,,,,"Commercial Property - Mini Golf Course - 11892 AM in Minnesota is listed at $1,300,000, 7 years in operation. No standout strengths were identified from the available data. Watch-outs: no absentee signals — likely owner-operated and may be dependent on the current owner; cash flow data is missing — cannot model returns without seller verification. Bottom line: Auto-rejected — does not meet baseline criteria.",2,3,2,2,1,1,1,2,2026-04-02T15:10:34.129395,True,calhoun
calhoun_commercial-real-estate-available-prime-location-11946-sj,Commercial Real Estate Available in Prime Location - 11946 SJ,https://www.calhouncompanies.com/business/commercial-real-estate-available-prime-location-11946-sj,,Minnesota,625000.0,"$625,000",,,,62500.0,7433.48,89201.76,,,,,125000.0,6607.54,79290.48,,,,,,,,,,,0,AUTO-REJECT,No,no cash flow data,False,,,,,,"Commercial Real Estate Available in Prime Location - 11946 SJ in Minnesota is listed at $625,000. No standout strengths were identified from the available data. Watch-outs: no absentee signals — likely owner-operated and may be dependent on the current owner; cash flow data is missing — cannot model returns without seller verification. Bottom line: Auto-rejected — does not meet baseline criteria.",2,2,2,1,1,1,2,2,2026-04-02T15:10:34.129402,True,calhoun
calhoun_confidential-11918-sj,CONFIDENTIAL - 11918 SJ,https://www.calhouncompanies.com/business/confidential-11918-sj,,Minnesota,31000000.0,"$31,000,000",5541572.0,25960133.0,,3100000.0,368700.56,4424406.72,1117165.28,0.3604,1.25,2.77,6200000.0,327733.83,3932805.96,1608766.04,0.2595,1.41,3.85,3100000.0,59931.68,719180.16,1117165.28,397985.12,1.08,0,AUTO-REJECT,No,"over max price $31,000,000",False,,,,,,"CONFIDENTIAL - 11918 SJ in Minnesota is listed at $31,000,000 with $5,541,572 in annual cash flow (SDE) and $25,960,133 in gross revenue. What's attractive: cash flow of $5,541,572 is strong and well above our preferred threshold; DSCR of 1.41x at 20% down clears the SBA minimum; cash-on-cash return of 26% at 20% down is attractive. Watch-outs: no absentee signals — likely owner-operated and may be dependent on the current owner. Bottom line: Auto-rejected — does not meet baseline criteria.",2,2,2,1,1,1,2,2,2026-04-02T15:10:34.129413,True,calhoun
calhoun_ecommerce-company-selling-specialty-apparel-11865-mmkb,Ecommerce company selling specialty apparel! - 11865 MMKB,https://www.calhouncompanies.com/business/ecommerce-company-selling-specialty-apparel-11865-mmkb,,Minnesota,40000.0,"$40,000",,4938.0,,4000.0,475.74,5708.88,,,,,8000.0,422.88,5074.56,,,,,,,,,,,0,AUTO-REJECT,No,"under min price $40,000",False,4,,,,,"Ecommerce company selling specialty apparel! - 11865 MMKB in Minnesota is listed at $40,000 and $4,938 in gross revenue, 4 years in operation. No standout strengths were identified from the available data. Watch-outs: no absentee signals — likely owner-operated and may be dependent on the current owner; cash flow data is missing — cannot model returns without seller verification. Bottom line: Auto-rejected — does not meet baseline criteria.",2,2,2,2,1,1,2,2,2026-04-02T15:10:34.129421,True,calhoun
calhoun_established-healthcare-supplier-available-11870-djcl,Established Healthcare Supplier Available! - 11870 DJCL,https://www.calhouncompanies.com/business/established-healthcare-supplier-available-11870-djcl,,Minnesota,1100000.0,"$1,100,000",504548.0,4576985.0,,110000.0,13082.92,156995.04,347552.96,3.1596,3.21,0.32,220000.0,11629.26,139551.12,364996.88,1.6591,3.62,0.6,110000.0,2126.61,25519.32,347552.96,322033.64,2.76,59,REVIEW,No,"strong CF $504,548; DSCR 3.62; CoC 166%; no heavy inventory; durable industry; Minnesota (not TC)",False,38,,,,,"Established Healthcare Supplier Available! - 11870 DJCL in Minnesota is listed at $1,100,000 with $504,548 in annual cash flow (SDE) and $4,576,985 in gross revenue, 38 years in operation. What's attractive: cash flow of $504,548 is strong and well above our preferred threshold; DSCR of 3.62x at 20% down is comfortable — well above the SBA minimum; cash-on-cash return of 166% at 20% down is excellent; the industry is considered recession-resistant. Watch-outs: no absentee signals — likely owner-operated and may be dependent on the current owner. Bottom line: Decent opportunity (score 59/100) but not a clear standout. Dig into the financials before committing time.",2,2,3,1,1,1,1,1,2026-04-02T15:10:34.129431,True,calhoun
calhoun_established-pest-control-company-available-11943,Established Pest Control Company Available! - 11943,https://www.calhouncompanies.com/business/established-pest-control-company-available-11943,,Minnesota,750000.0,"$750,000",285898.0,630022.0,,75000.0,8920.17,107042.04,178855.96,2.3847,2.67,0.42,150000.0,7929.04,95148.48,190749.52,1.2717,3.0,0.79,75000.0,1449.96,17399.52,178855.96,161456.44,2.3,64,REVIEW,No,"decent CF $285,898; DSCR 3.00; CoC 127%; no heavy inventory; recurring revenue (strong); durable industry; Twin Cities area",True,24,,,,,"Established Pest Control Company Available! - 11943 in Minnesota is listed at $750,000 with $285,898 in annual cash flow (SDE) and $630,022 in gross revenue, 24 years in operation. What's attractive: cash flow of $285,898 is solid; DSCR of 3.00x at 20% down is comfortable — well above the SBA minimum; cash-on-cash return of 127% at 20% down is excellent; recurring or contract revenue provides predictable cash flow; the industry is considered recession-resistant. Watch-outs: no absentee signals — likely owner-operated and may be dependent on the current owner. Bottom line: Decent opportunity (score 64/100) but not a clear standout. Dig into the financials before committing time.",3,2,2,3,3,1,3,3,2026-04-02T15:10:34.129443,True,calhoun
calhoun_established-software-development-agency-11942-mmkb,Established Software Development Agency - 11942 MMKB,https://www.calhouncompanies.com/business/established-software-development-agency-11942-mmkb,,Minnesota,2500000.0,"$2,500,000",641015.0,1701008.0,,250000.0,29733.92,356807.04,284207.96,1.1368,1.8,0.88,500000.0,26430.15,317161.8,323853.2,0.6477,2.02,1.54,250000.0,4833.2,57998.4,284207.96,226209.56,1.55,0,AUTO-REJECT,No,digital/online: mobile app,False,12,,,,,"Established Software Development Agency - 11942 MMKB in Minnesota is listed at $2,500,000 with $641,015 in annual cash flow (SDE) and $1,701,008 in gross revenue, 12 years in operation. What's attractive: cash flow of $641,015 is strong and well above our preferred threshold; DSCR of 2.02x at 20% down is comfortable — well above the SBA minimum; cash-on-cash return of 65% at 20% down is excellent. Watch-outs: no absentee signals — likely owner-operated and may be dependent on the current owner. Bottom line: Auto-rejected — does not meet baseline criteria.",1,2,2,1,3,1,2,1,2026-04-02T15:10:34.129463,True,calhoun
calhoun_established-specialty-retail-shop-100k-cash-flow-11895-mmkb,Established Specialty Retail Shop – $100K Cash Flow - 11895 MMKB,https://www.calhouncompanies.com/business/established-specialty-retail-shop-100k-cash-flow-11895-mmkb,,Minnesota,200000.0,"$200,000",103298.0,761826.0,,20000.0,2378.71,28544.52,74753.48,3.7377,3.62,0.27,40000.0,2114.41,25372.92,77925.08,1.9481,4.07,0.51,20000.0,386.66,4639.92,74753.48,70113.56,3.11,39,REVIEW,No,"modest CF $103,298; DSCR 4.07; CoC 195%; no heavy inventory; Twin Cities area",False,6,,,,,"Established Specialty Retail Shop – $100K Cash Flow - 11895 MMKB in Minnesota is listed at $200,000 with $103,298 in annual cash flow (SDE) and $761,826 in gross revenue, 6 years in operation. What's attractive: cash flow of $103,298 meets our minimum threshold; DSCR of 4.07x at 20% down is comfortable — well above the SBA minimum; cash-on-cash return of 195% at 20% down is excellent. Watch-outs: no absentee signals — likely owner-operated and may be dependent on the current owner. Bottom line: Marginal fit (score 39/100). Proceed only if something specific about this deal appeals beyond the numbers.",2,3,3,2,2,1,2,1,2026-04-02T15:10:34.129474,True,calhoun
calhoun_event-decor-rental-business-available-11937-rw-0,Event Décor Rental Business Available! - 11937 RW,https://www.calhouncompanies.com/business/event-decor-rental-business-available-11937-rw-0,,Minnesota,79000.0,"$79,000",20046.0,44816.0,,7900.0,939.59,11275.08,8770.92,1.1102,1.78,0.9,15800.0,835.19,10022.28,10023.72,0.6344,2.0,1.58,7900.0,152.73,1832.76,8770.92,6938.16,1.53,34,SKIP,No,"low CF $20,046; DSCR 2.00; CoC 63%; no heavy inventory; Twin Cities area",False,15,,,,,"Event Décor Rental Business Available! - 11937 RW in Minnesota is listed at $79,000 with $20,046 in annual cash flow (SDE) and $44,816 in gross revenue, 15 years in operation. What's attractive: DSCR of 2.00x at 20% down is comfortable — well above the SBA minimum; cash-on-cash return of 63% at 20% down is excellent. Watch-outs: only $10,024 remains after SBA debt at 20% down — limited owner salary buffer; no absentee signals — likely owner-operated and may be dependent on the current owner. Bottom line: Score of 34/100 — below review threshold. Pass unless there is a specific strategic reason to look closer.",1,2,2,2,1,1,1,1,2026-04-02T15:10:34.129485,True,calhoun
calhoun_exceptional-full-service-catering-business-real-estate-sale-11678-djcl,Exceptional Full-Service Catering Business with Real Estate For Sale - 11678 DJCL,https://www.calhouncompanies.com/business/exceptional-full-service-catering-business-real-estate-sale-11678-djcl,,Minnesota,7000000.0,"$7,000,000",1249775.0,2818558.0,,700000.0,83254.96,999059.52,250715.48,0.3582,1.25,2.79,1400000.0,74004.41,888052.92,361722.08,0.2584,1.41,3.87,700000.0,13532.96,162395.52,250715.48,88319.96,1.08,0,AUTO-REJECT,No,"over max price $7,000,000",False,20,,,,,"Exceptional Full-Service Catering Business with Real Estate For Sale - 11678 DJCL in Minnesota is listed at $7,000,000 with $1,249,775 in annual cash flow (SDE) and $2,818,558 in gross revenue, 20 years in operation. What's attractive: cash flow of $1,249,775 is strong and well above our preferred threshold; DSCR of 1.41x at 20% down clears the SBA minimum; cash-on-cash return of 26% at 20% down is attractive. Watch-outs: no absentee signals — likely owner-operated and may be dependent on the current owner. Bottom line: Auto-rejected — does not meet baseline criteria.",2,3,3,3,1,1,1,1,2026-04-02T15:10:34.129496,True,calhoun
calhoun_family-hair-salon-duluthsuperior-area-sale-11763-slb,Family Hair Salon in Duluth/Superior Area For Sale - 11763 SLB,https://www.calhouncompanies.com/business/family-hair-salon-duluthsuperior-area-sale-11763-slb,,Minnesota,199000.0,"$199,000",104094.0,543422.0,,19900.0,2366.82,28401.84,75692.16,3.8036,3.67,0.26,39800.0,2103.84,25246.08,78847.92,1.9811,4.12,0.5,19900.0,384.72,4616.64,75692.16,71075.52,3.15,34,SKIP,No,"modest CF $104,094; DSCR 4.12; CoC 198%; no heavy inventory; Minnesota (not TC)",False,14,,,,,"Family Hair Salon in Duluth/Superior Area For Sale - 11763 SLB in Minnesota is listed at $199,000 with $104,094 in annual cash flow (SDE) and $543,422 in gross revenue, 14 years in operation. What's attractive: cash flow of $104,094 meets our minimum threshold; DSCR of 4.12x at 20% down is comfortable — well above the SBA minimum; cash-on-cash return of 198% at 20% down is excellent. Watch-outs: no absentee signals — likely owner-operated and may be dependent on the current owner. Bottom line: Score of 34/100 — below review threshold. Pass unless there is a specific strategic reason to look closer.",2,3,2,2,1,1,1,2,2026-04-02T15:10:34.129507,True,calhoun
calhoun_fantasy-sports-media-11850-sdjd,Fantasy Sports Media - 11850 SDJD,https://www.calhouncompanies.com/business/fantasy-sports-media-11850-sdjd,,Minnesota,150000.0,"$150,000",48408.0,95926.0,,15000.0,1784.03,21408.36,26999.64,1.8,2.26,0.56,30000.0,1585.81,19029.72,29378.28,0.9793,2.54,1.02,15000.0,289.99,3479.88,26999.64,23519.76,1.95,29,SKIP,No,"low CF $48,408; DSCR 2.54; CoC 98%; no heavy inventory; Minnesota (not TC)",True,11,,,,,"Fantasy Sports Media - 11850 SDJD in Minnesota is listed at $150,000 with $48,408 in annual cash flow (SDE) and $95,926 in gross revenue, 11 years in operation. What's attractive: DSCR of 2.54x at 20% down is comfortable — well above the SBA minimum; cash-on-cash return of 98% at 20% down is excellent. Watch-outs: only $29,378 remains after SBA debt at 20% down — limited owner salary buffer; no absentee signals — likely owner-operated and may be dependent on the current owner. Bottom line: Score of 29/100 — below review threshold. Pass unless there is a specific strategic reason to look closer.",1,2,1,2,1,1,2,1,2026-04-02T15:10:34.129517,True,calhoun
calhoun_farm-equipment-supplier-gas-station-11804-jdd,Farm Equipment Supplier with Gas Station - 11804 JDD,https://www.calhouncompanies.com/business/farm-equipment-supplier-gas-station-11804-jdd,,Minnesota,3700000.0,"$3,700,000",393269.0,2174165.0,,370000.0,44006.2,528074.4,-134805.4,-0.3643,0.74,,740000.0,39116.62,469399.44,-76130.44,-0.1029,0.84,,370000.0,7153.14,85837.68,-134805.4,-220643.08,0.64,0,AUTO-REJECT,No,DSCR 0.84 below 1.25,False,87,,,,,"Farm Equipment Supplier with Gas Station - 11804 JDD in Minnesota is listed at $3,700,000 with $393,269 in annual cash flow (SDE) and $2,174,165 in gross revenue, 87 years in operation. What's attractive: cash flow of $393,269 is strong and well above our preferred threshold. Watch-outs: DSCR of 0.84x at 20% down is thin — leaves little cushion if revenue dips; cash-on-cash return of -10% is below our 15% target; only $-76,130 remains after SBA debt at 20% down — limited owner salary buffer; no absentee signals — likely owner-operated and may be dependent on the current owner. Bottom line: Auto-rejected — does not meet baseline criteria.",3,3,2,2,1,1,1,3,2026-04-02T15:10:34.129530,True,calhoun
calhoun_fast-growing-specialty-spice-brand-national-scale-potential-near-minneapolis-mn,"Fast-Growing Specialty Spice Brand with National-Scale Potential | Near Minneapolis, MN (Relocatable, No R/E Included) - 11920 JDD",https://www.calhouncompanies.com/business/fast-growing-specialty-spice-brand-national-scale-potential-near-minneapolis-mn,,Minnesota,150000.0,"$150,000",,143322.0,,15000.0,1784.03,21408.36,,,,,30000.0,1585.81,19029.72,,,,,,,,,,,0,AUTO-REJECT,No,no cash flow data,False,7,,,,,"Fast-Growing Specialty Spice Brand with National-Scale Potential | Near Minneapolis, MN (Relocatable, No R/E Included) - 11920 JDD in Minnesota is listed at $150,000 and $143,322 in gross revenue, 7 years in operation. No standout strengths were identified from the available data. Watch-outs: no absentee signals — likely owner-operated and may be dependent on the current owner; cash flow data is missing — cannot model returns without seller verification. Bottom line: Auto-rejected — does not meet baseline criteria.",2,3,1,2,1,1,1,3,2026-04-02T15:10:34.129538,True,calhoun
calhoun_full-service-restaurant-real-estate-within-1-hour-twin-cities-11888-trm,Full-Service Restaurant with Real Estate - within 1 hour of Twin Cities - 11888 TRM,https://www.calhouncompanies.com/business/full-service-restaurant-real-estate-within-1-hour-twin-cities-11888-trm,,Minnesota,424000.0,"$424,000",99336.0,639401.0,,42400.0,5042.87,60514.44,38821.56,0.9156,1.64,1.09,84800.0,4482.55,53790.6,45545.4,0.5371,1.85,1.86,42400.0,819.71,9836.52,38821.56,28985.04,1.41,42,REVIEW,No,"modest CF $99,336; DSCR 1.85; CoC 54%; no heavy inventory; operationally simple; Twin Cities area",False,29,,,,,"Full-Service Restaurant with Real Estate - within 1 hour of Twin Cities - 11888 TRM in Minnesota is listed at $424,000 with $99,336 in annual cash flow (SDE) and $639,401 in gross revenue, 29 years in operation. What's attractive: cash flow of $99,336 meets our minimum threshold; DSCR of 1.85x at 20% down is comfortable — well above the SBA minimum; cash-on-cash return of 54% at 20% down is excellent. Watch-outs: only $45,545 remains after SBA debt at 20% down — limited owner salary buffer; no absentee signals — likely owner-operated and may be dependent on the current owner. Bottom line: Marginal fit (score 42/100). Proceed only if something specific about this deal appeals beyond the numbers.",2,3,3,1,1,1,1,2,2026-04-02T15:10:34.129548,True,calhoun
calhoun_full-service-specialty-equipment-contractor-11837-djcl,Full-Service Specialty Equipment Contractor - 11837 DJCL,https://www.calhouncompanies.com/business/full-service-specialty-equipment-contractor-11837-djcl,,Minnesota,3900000.0,"$3,900,000",1266187.0,3724107.0,,390000.0,46384.91,556618.92,709568.08,1.8194,2.27,0.55,780000.0,41231.03,494772.36,771414.64,0.989,2.56,1.01,390000.0,7539.79,90477.48,709568.08,619090.6,1.96,59,REVIEW,No,"strong CF $1,266,187; DSCR 2.56; CoC 99%; no heavy inventory; durable industry; Minnesota (not TC)",True,30,,,,,"Full-Service Specialty Equipment Contractor - 11837 DJCL in Minnesota is listed at $3,900,000 with $1,266,187 in annual cash flow (SDE) and $3,724,107 in gross revenue, 30 years in operation. What's attractive: cash flow of $1,266,187 is strong and well above our preferred threshold; DSCR of 2.56x at 20% down is comfortable — well above the SBA minimum; cash-on-cash return of 99% at 20% down is excellent; the industry is considered recession-resistant. Watch-outs: no absentee signals — likely owner-operated and may be dependent on the current owner. Bottom line: Decent opportunity (score 59/100) but not a clear standout. Dig into the financials before committing time.",3,2,3,3,1,1,2,2,2026-04-02T15:10:34.129559,True,calhoun
calhoun_garage-door-install-service-11877-mmkb,Garage Door Install &amp; Service - 11877 MMKB,https://www.calhouncompanies.com/business/garage-door-install-service-11877-mmkb,,Minnesota,2750000.0,"$2,750,000",564226.0,1404630.0,,275000.0,32707.31,392487.72,171738.28,0.6245,1.44,1.6,550000.0,29073.16,348877.92,215348.08,0.3915,1.62,2.55,275000.0,5316.52,63798.24,171738.28,107940.04,1.24,60,REVIEW,No,"strong CF $564,226; DSCR 1.62; CoC 39%; no heavy inventory; recurring revenue signal; Twin Cities area",True,20,,,,,"Garage Door Install &amp; Service - 11877 MMKB in Minnesota is listed at $2,750,000 with $564,226 in annual cash flow (SDE) and $1,404,630 in gross revenue, 20 years in operation. What's attractive: cash flow of $564,226 is strong and well above our preferred threshold; DSCR of 1.62x at 20% down is comfortable — well above the SBA minimum; cash-on-cash return of 39% at 20% down is excellent; recurring or contract revenue provides predictable cash flow. Watch-outs: no absentee signals — likely owner-operated and may be dependent on the current owner. Bottom line: Decent opportunity (score 60/100) but not a clear standout. Dig into the financials before committing time.",2,1,2,2,3,1,2,2,2026-04-02T15:10:34.129569,True,calhoun
calhoun_gas-station-11815-jdd,Gas Station - 11815 JDD,https://www.calhouncompanies.com/business/gas-station-11815-jdd,,Minnesota,280000.0,"$280,000",66754.0,649136.0,,28000.0,3330.2,39962.4,26791.6,0.9568,1.67,1.05,56000.0,2960.18,35522.16,31231.84,0.5577,1.88,1.79,28000.0,541.32,6495.84,26791.6,20295.76,1.44,0,AUTO-REJECT,No,regulated: liquor store,False,3,,,,,"Gas Station - 11815 JDD in Minnesota is listed at $280,000 with $66,754 in annual cash flow (SDE) and $649,136 in gross revenue, 3 years in operation. What's attractive: DSCR of 1.88x at 20% down is comfortable — well above the SBA minimum; cash-on-cash return of 56% at 20% down is excellent. Watch-outs: only $31,232 remains after SBA debt at 20% down — limited owner salary buffer; no absentee signals — likely owner-operated and may be dependent on the current owner. Bottom line: Auto-rejected — does not meet baseline criteria.",2,2,2,1,1,1,2,2,2026-04-02T15:10:34.129580,True,calhoun
calhoun_gas-station-liquor-store-turnkey-investment-expansion-potential-11781-jdd,Gas Station with Liquor Store—Turnkey Investment with Expansion Potential - 11781 JDD,https://www.calhouncompanies.com/business/gas-station-liquor-store-turnkey-investment-expansion-potential-11781-jdd,,Minnesota,200000.0,"$200,000",22686.0,761003.0,,20000.0,2378.71,28544.52,-5858.52,-0.2929,0.79,,40000.0,2114.41,25372.92,-2686.92,-0.0672,0.89,,20000.0,386.66,4639.92,-5858.52,-10498.44,0.68,0,AUTO-REJECT,No,DSCR 0.89 below 1.25,False,"2,014",,,,,"Gas Station with Liquor Store—Turnkey Investment with Expansion Potential - 11781 JDD in Minnesota is listed at $200,000 with $22,686 in annual cash flow (SDE) and $761,003 in gross revenue, 2,014 years in operation. No standout strengths were identified from the available data. Watch-outs: DSCR of 0.89x at 20% down is thin — leaves little cushion if revenue dips; cash-on-cash return of -7% is below our 15% target; only $-2,687 remains after SBA debt at 20% down — limited owner salary buffer; no absentee signals — likely owner-operated and may be dependent on the current owner. Bottom line: Auto-rejected — does not meet baseline criteria.",2,2,2,2,1,1,1,3,2026-04-02T15:10:34.129589,True,calhoun
calhoun_gas-station-reliable-revenue-growth-opportunities-11780-jdd,Gas Station - Reliable Revenue &amp; Growth Opportunities - 11780 JDD,https://www.calhouncompanies.com/business/gas-station-reliable-revenue-growth-opportunities-11780-jdd,,Minnesota,200000.0,"$200,000",26851.0,898838.0,,20000.0,2378.71,28544.52,-1693.52,-0.0847,0.94,,40000.0,2114.41,25372.92,1478.08,0.037,1.06,27.06,20000.0,386.66,4639.92,-1693.52,-6333.44,0.81,0,AUTO-REJECT,Possible,DSCR 1.06 below 1.25,False,10,,,,,"Gas Station - Reliable Revenue &amp; Growth Opportunities - 11780 JDD in Minnesota is listed at $200,000 with $26,851 in annual cash flow (SDE) and $898,838 in gross revenue, 10 years in operation. What's attractive: owner involvement appears minimal, which may make the transition easier. Watch-outs: DSCR of 1.06x at 20% down is thin — leaves little cushion if revenue dips; cash-on-cash return of 4% is below our 15% target; only $1,478 remains after SBA debt at 20% down — limited owner salary buffer. Bottom line: Auto-rejected — does not meet baseline criteria.",2,3,3,1,2,2,1,1,2026-04-02T15:10:34.129605,True,calhoun
calhoun_gas-station-service-bays-1-hour-west-mpls-11797-jdd,Gas Station with Service Bays - 1 hour West of Mpls - 11797 JDD,https://www.calhouncompanies.com/business/gas-station-service-bays-1-hour-west-mpls-11797-jdd,,Minnesota,650000.0,"$650,000",268930.0,2306484.0,,65000.0,7730.82,92769.84,176160.16,2.7102,2.9,0.37,130000.0,6871.84,82462.08,186467.92,1.4344,3.26,0.7,65000.0,1256.63,15079.56,176160.16,161080.6,2.49,47,REVIEW,No,"decent CF $268,930; DSCR 3.26; CoC 143%; no heavy inventory; operationally simple; Twin Cities area",False,25,,,,,"Gas Station with Service Bays - 1 hour West of Mpls - 11797 JDD in Minnesota is listed at $650,000 with $268,930 in annual cash flow (SDE) and $2,306,484 in gross revenue, 25 years in operation. What's attractive: cash flow of $268,930 is solid; DSCR of 3.26x at 20% down is comfortable — well above the SBA minimum; cash-on-cash return of 143% at 20% down is excellent. Watch-outs: no absentee signals — likely owner-operated and may be dependent on the current owner. Bottom line: Marginal fit (score 47/100). Proceed only if something specific about this deal appeals beyond the numbers.",2,3,1,2,2,1,1,3,2026-04-02T15:10:34.129616,True,calhoun
calhoun_gas-stationconvenience-store-11823-jdd,Gas Station/Convenience Store - 11823 JDD,https://www.calhouncompanies.com/business/gas-stationconvenience-store-11823-jdd,,Minnesota,850000.0,"$850,000",210643.0,2337991.0,,85000.0,10109.53,121314.36,89328.64,1.0509,1.74,0.95,170000.0,8986.25,107835.0,102808.0,0.6048,1.95,1.65,85000.0,1643.29,19719.48,89328.64,69609.16,1.49,47,REVIEW,No,"decent CF $210,643; DSCR 1.95; CoC 60%; no heavy inventory; operationally simple; Twin Cities area",False,25,,,,,"Gas Station/Convenience Store - 11823 JDD in Minnesota is listed at $850,000 with $210,643 in annual cash flow (SDE) and $2,337,991 in gross revenue, 25 years in operation. What's attractive: cash flow of $210,643 is solid; DSCR of 1.95x at 20% down is comfortable — well above the SBA minimum; cash-on-cash return of 60% at 20% down is excellent. Watch-outs: no absentee signals — likely owner-operated and may be dependent on the current owner. Bottom line: Marginal fit (score 47/100). Proceed only if something specific about this deal appeals beyond the numbers.",2,2,2,2,1,1,2,2,2026-04-02T15:10:34.129626,True,calhoun
calhoun_hcbs-245d-company-available-11944-sj,HCBS-245D Company Available - 11944 SJ,https://www.calhouncompanies.com/business/hcbs-245d-company-available-11944-sj,,Minnesota,2010000.0,"$2,010,000",354853.0,860503.0,,201000.0,23906.07,286872.84,67980.16,0.3382,1.24,2.96,402000.0,21249.84,254998.08,99854.92,0.2484,1.39,4.03,201000.0,3885.89,46630.68,67980.16,21349.48,1.06,0,AUTO-REJECT,No,regulated: adult,False,4,,,,,"HCBS-245D Company Available - 11944 SJ in Minnesota is listed at $2,010,000 with $354,853 in annual cash flow (SDE) and $860,503 in gross revenue, 4 years in operation. What's attractive: cash flow of $354,853 is strong and well above our preferred threshold; DSCR of 1.39x at 20% down clears the SBA minimum; cash-on-cash return of 25% at 20% down is attractive. Watch-outs: no absentee signals — likely owner-operated and may be dependent on the current owner. Bottom line: Auto-rejected — does not meet baseline criteria.",2,2,2,1,1,1,2,2,2026-04-02T15:10:34.129635,True,calhoun
calhoun_high-profit-gas-station-liquor-store-combo-25-hr-west-minneapolis-11859-jdd,High-Profit Gas Station + Liquor Store Combo 2.5 Hr West of Minneapolis! - 11859 JDD,https://www.calhouncompanies.com/business/high-profit-gas-station-liquor-store-combo-25-hr-west-minneapolis-11859-jdd,,Minnesota,1000000.0,"$1,000,000",186809.0,2184917.0,,100000.0,11893.57,142722.84,44086.16,0.4409,1.31,2.27,200000.0,10572.06,126864.72,59944.28,0.2997,1.47,3.34,100000.0,1933.28,23199.36,44086.16,20886.8,1.13,0,AUTO-REJECT,Likely,regulated: liquor store,False,15,,,,,"High-Profit Gas Station + Liquor Store Combo 2.5 Hr West of Minneapolis! - 11859 JDD in Minnesota is listed at $1,000,000 with $186,809 in annual cash flow (SDE) and $2,184,917 in gross revenue, 15 years in operation. What's attractive: cash flow of $186,809 is solid; DSCR of 1.47x at 20% down clears the SBA minimum; cash-on-cash return of 30% at 20% down is attractive; current owner is absentee — well-suited for a new owner-operator or passive investor. No significant concerns identified from the available data. Bottom line: Auto-rejected — does not meet baseline criteria.",2,3,3,2,1,3,2,3,2026-04-02T15:10:34.129646,True,calhoun
calhoun_high-visibility-two-parcel-commercial-opportunity-flexible-4721-sf-corner-site-strong,"High-Visibility Two-Parcel Commercial Opportunity | Flexible 4,721 SF Corner Site with Strong Repurpose Potential - 11941 JDD",https://www.calhouncompanies.com/business/high-visibility-two-parcel-commercial-opportunity-flexible-4721-sf-corner-site-strong,,Minnesota,250000.0,"$250,000",,,,25000.0,2973.39,35680.68,,,,,50000.0,2643.01,31716.12,,,,,,,,,,,0,AUTO-REJECT,No,no cash flow data,False,,,,,,"High-Visibility Two-Parcel Commercial Opportunity | Flexible 4,721 SF Corner Site with Strong Repurpose Potential - 11941 JDD in Minnesota is listed at $250,000. No standout strengths were identified from the available data. Watch-outs: no absentee signals — likely owner-operated and may be dependent on the current owner; cash flow data is missing — cannot model returns without seller verification. Bottom line: Auto-rejected — does not meet baseline criteria.",3,3,3,3,1,1,1,2,2026-04-02T15:10:34.129652,True,calhoun
calhoun_high-volume-unbranded-gas-station-c-store-real-estate-2-hours-north-minneapolis-mn-11921,"High-Volume Unbranded Gas Station &amp; C-Store with Real Estate | 2 Hours North of Minneapolis, MN - 11921 JDD",https://www.calhouncompanies.com/business/high-volume-unbranded-gas-station-c-store-real-estate-2-hours-north-minneapolis-mn-11921,,Minnesota,1200000.0,"$1,200,000",226252.0,3710005.0,,120000.0,14272.28,171267.36,54984.64,0.4582,1.32,2.18,240000.0,12686.47,152237.64,74014.36,0.3084,1.49,3.24,120000.0,2319.94,27839.28,54984.64,27145.36,1.14,39,REVIEW,No,"decent CF $226,252; DSCR 1.49; CoC 31%; no heavy inventory; Twin Cities area",False,25,,,,,"High-Volume Unbranded Gas Station &amp; C-Store with Real Estate | 2 Hours North of Minneapolis, MN - 11921 JDD in Minnesota is listed at $1,200,000 with $226,252 in annual cash flow (SDE) and $3,710,005 in gross revenue, 25 years in operation. What's attractive: cash flow of $226,252 is solid; DSCR of 1.49x at 20% down clears the SBA minimum; cash-on-cash return of 31% at 20% down is excellent. Watch-outs: no absentee signals — likely owner-operated and may be dependent on the current owner. Bottom line: Marginal fit (score 39/100). Proceed only if something specific about this deal appeals beyond the numbers.",2,2,2,1,1,1,2,2,2026-04-02T15:10:34.129666,True,calhoun
calhoun_highly-profitable-local-over-road-trucking-company-sale-11716-jl,Highly Profitable Local &amp; Over-The-Road Trucking Company For Sale - 11716 JL,https://www.calhouncompanies.com/business/highly-profitable-local-over-road-trucking-company-sale-11716-jl,,Minnesota,4047000.0,"$4,047,000",650000.0,4385000.0,,404700.0,48133.26,577599.12,72400.88,0.1789,1.13,5.59,809400.0,42785.12,513421.44,136578.56,0.1687,1.27,5.93,404700.0,7823.98,93887.76,72400.88,-21486.88,0.97,44,REVIEW,No,"strong CF $650,000; DSCR 1.27; CoC 17%; no heavy inventory; durable industry; Minnesota (not TC)",False,65,,,,,"Highly Profitable Local &amp; Over-The-Road Trucking Company For Sale - 11716 JL in Minnesota is listed at $4,047,000 with $650,000 in annual cash flow (SDE) and $4,385,000 in gross revenue, 65 years in operation. What's attractive: cash flow of $650,000 is strong and well above our preferred threshold; DSCR of 1.27x at 20% down clears the SBA minimum; cash-on-cash return of 17% at 20% down is acceptable; the industry is considered recession-resistant. Watch-outs: DSCR of 1.27x at 20% down is thin — leaves little cushion if revenue dips; no absentee signals — likely owner-operated and may be dependent on the current owner. Bottom line: Marginal fit (score 44/100). Proceed only if something specific about this deal appeals beyond the numbers.",2,1,3,3,1,1,1,1,2026-04-02T15:10:34.129676,True,calhoun
calhoun_industrial-metal-powder-coating-sublimation-business-sale-11690-bjc,Industrial Metal Powder Coating &amp; Sublimation Business For Sale - 11690 BJC,https://www.calhouncompanies.com/business/industrial-metal-powder-coating-sublimation-business-sale-11690-bjc,,Minnesota,10000000.0,"$10,000,000",1324000.0,10300000.0,,1000000.0,118935.66,1427227.92,-103227.92,-0.1032,0.93,,2000000.0,105720.59,1268647.08,55352.92,0.0277,1.04,36.13,1000000.0,19332.8,231993.6,-103227.92,-335221.52,0.8,0,AUTO-REJECT,No,"over max price $10,000,000",False,22,,,,,"Industrial Metal Powder Coating &amp; Sublimation Business For Sale - 11690 BJC in Minnesota is listed at $10,000,000 with $1,324,000 in annual cash flow (SDE) and $10,300,000 in gross revenue, 22 years in operation. What's attractive: cash flow of $1,324,000 is strong and well above our preferred threshold. Watch-outs: DSCR of 1.04x at 20% down is thin — leaves little cushion if revenue dips; cash-on-cash return of 3% is below our 15% target; no absentee signals — likely owner-operated and may be dependent on the current owner. Bottom line: Auto-rejected — does not meet baseline criteria.",2,1,2,2,1,1,2,2,2026-04-02T15:10:34.129687,True,calhoun
calhoun_laptop-refurbishing-business-sale,Laptop Refurbishing Business For Sale,https://www.calhouncompanies.com/business/laptop-refurbishing-business-sale,,Minnesota,2100000.0,"$2,100,000",,600000.0,,210000.0,24976.49,299717.88,,,,,420000.0,22201.32,266415.84,,,,,,,,,,,0,AUTO-REJECT,No,no cash flow data,False,12,,,,,"Laptop Refurbishing Business For Sale in Minnesota is listed at $2,100,000 and $600,000 in gross revenue, 12 years in operation. No standout strengths were identified from the available data. Watch-outs: no absentee signals — likely owner-operated and may be dependent on the current owner; cash flow data is missing — cannot model returns without seller verification. Bottom line: Auto-rejected — does not meet baseline criteria.",2,2,2,2,1,1,2,2,2026-04-02T15:10:34.129694,True,calhoun
calhoun_lash-studio-turn-key-investment-11846-djcl,Lash Studio – Turn-key investment - 11846 DJCL,https://www.calhouncompanies.com/business/lash-studio-turn-key-investment-11846-djcl,,Minnesota,275000.0,"$275,000",62422.0,383054.0,,27500.0,3270.73,39248.76,23173.24,0.8427,1.59,1.19,55000.0,2907.32,34887.84,27534.16,0.5006,1.79,2.0,27500.0,531.65,6379.8,23173.24,16793.44,1.37,34,SKIP,No,"low CF $62,422; DSCR 1.79; CoC 50%; no heavy inventory; Twin Cities area",False,8,,,,,"Lash Studio – Turn-key investment - 11846 DJCL in Minnesota is listed at $275,000 with $62,422 in annual cash flow (SDE) and $383,054 in gross revenue, 8 years in operation. What's attractive: DSCR of 1.79x at 20% down is comfortable — well above the SBA minimum; cash-on-cash return of 50% at 20% down is excellent. Watch-outs: only $27,534 remains after SBA debt at 20% down — limited owner salary buffer; no absentee signals — likely owner-operated and may be dependent on the current owner. Bottom line: Score of 34/100 — below review threshold. Pass unless there is a specific strategic reason to look closer.",2,3,2,2,3,1,2,3,2026-04-02T15:10:34.129708,True,calhoun
calhoun_lash-studio-turn-key-investment-11847-djcl,Lash Studio – Turn-key investment - 11847 DJCL,https://www.calhouncompanies.com/business/lash-studio-turn-key-investment-11847-djcl,,Minnesota,100000.0,"$100,000",,102065.0,,10000.0,1189.36,14272.32,,,,,20000.0,1057.21,12686.52,,,,,,,,,,,0,AUTO-REJECT,No,no cash flow data,False,1,,,,,"Lash Studio – Turn-key investment - 11847 DJCL in Minnesota is listed at $100,000 and $102,065 in gross revenue, 1 years in operation. No standout strengths were identified from the available data. Watch-outs: no absentee signals — likely owner-operated and may be dependent on the current owner; cash flow data is missing — cannot model returns without seller verification. Bottom line: Auto-rejected — does not meet baseline criteria.",2,3,3,2,3,1,2,3,2026-04-02T15:10:34.129721,True,calhoun
calhoun_long-established-full-service-restaurant-available-11884-jl,Long Established Full-Service Restaurant Available - 11884 JL,https://www.calhouncompanies.com/business/long-established-full-service-restaurant-available-11884-jl,,Minnesota,3098000.0,"$3,098,000",256693.0,2828971.0,,309800.0,36846.27,442155.24,-185462.24,-0.5987,0.58,,619600.0,32752.24,393026.88,-136333.88,-0.22,0.65,,309800.0,5989.3,71871.6,-185462.24,-257333.84,0.5,0,AUTO-REJECT,No,DSCR 0.65 below 1.25,False,21,,,,,"Long Established Full-Service Restaurant Available - 11884 JL in Minnesota is listed at $3,098,000 with $256,693 in annual cash flow (SDE) and $2,828,971 in gross revenue, 21 years in operation. What's attractive: cash flow of $256,693 is solid. Watch-outs: DSCR of 0.65x at 20% down is thin — leaves little cushion if revenue dips; cash-on-cash return of -22% is below our 15% target; only $-136,334 remains after SBA debt at 20% down — limited owner salary buffer; no absentee signals — likely owner-operated and may be dependent on the current owner. Bottom line: Auto-rejected — does not meet baseline criteria.",3,3,3,1,1,1,1,3,2026-04-02T15:10:34.129731,True,calhoun
calhoun_long-established-metro-area-appliance-repair-business-sale-11720-trm,"Long-established, Metro Area Appliance Repair Business For Sale - 11720 TRM",https://www.calhouncompanies.com/business/long-established-metro-area-appliance-repair-business-sale-11720-trm,,Minnesota,149000.0,"$149,000",104927.0,145686.0,,14900.0,1772.14,21265.68,83661.32,5.6149,4.93,0.18,29800.0,1575.24,18902.88,86024.12,2.8867,5.55,0.35,14900.0,288.06,3456.72,83661.32,80204.6,4.24,42,REVIEW,No,"modest CF $104,927; DSCR 5.55; CoC 289%; no heavy inventory; operationally simple; Twin Cities area",False,42,,,,,"Long-established, Metro Area Appliance Repair Business For Sale - 11720 TRM in Minnesota is listed at $149,000 with $104,927 in annual cash flow (SDE) and $145,686 in gross revenue, 42 years in operation. What's attractive: cash flow of $104,927 meets our minimum threshold; DSCR of 5.55x at 20% down is comfortable — well above the SBA minimum; cash-on-cash return of 289% at 20% down is excellent. Watch-outs: no absentee signals — likely owner-operated and may be dependent on the current owner. Bottom line: Marginal fit (score 42/100). Proceed only if something specific about this deal appeals beyond the numbers.",3,2,2,2,1,1,2,3,2026-04-02T15:10:34.129741,True,calhoun
calhoun_mille-lacs-lake-marina-67-acres-turn-key-business-opportunity-11874-mb,"Mille Lacs Lake Marina + 67 acres, Turn Key Business Opportunity - 11874 MB",https://www.calhouncompanies.com/business/mille-lacs-lake-marina-67-acres-turn-key-business-opportunity-11874-mb,,Minnesota,2200000.0,"$2,200,000",,,,220000.0,26165.85,313990.2,,,,,440000.0,23258.53,279102.36,,,,,,,,,,,0,AUTO-REJECT,No,no cash flow data,False,,,,,,"Mille Lacs Lake Marina + 67 acres, Turn Key Business Opportunity - 11874 MB in Minnesota is listed at $2,200,000. No standout strengths were identified from the available data. Watch-outs: no absentee signals — likely owner-operated and may be dependent on the current owner; cash flow data is missing — cannot model returns without seller verification. Bottom line: Auto-rejected — does not meet baseline criteria.",2,3,2,2,1,1,2,2,2026-04-02T15:10:34.129748,True,calhoun
calhoun_minnesota-full-service-golf-retail-store-inventory-included-11873-mb,"Minnesota Full-Service Golf Retail Store, Inventory Included - 11873 MB",https://www.calhouncompanies.com/business/minnesota-full-service-golf-retail-store-inventory-included-11873-mb,,Minnesota,750000.0,"$750,000",166724.0,741526.0,,75000.0,8920.17,107042.04,59681.96,0.7958,1.56,1.26,150000.0,7929.04,95148.48,71575.52,0.4772,1.75,2.1,75000.0,1449.96,17399.52,59681.96,42282.44,1.34,39,REVIEW,No,"decent CF $166,724; DSCR 1.75; CoC 48%; no heavy inventory; Minnesota (not TC)",False,24,,,,,"Minnesota Full-Service Golf Retail Store, Inventory Included - 11873 MB in Minnesota is listed at $750,000 with $166,724 in annual cash flow (SDE) and $741,526 in gross revenue, 24 years in operation. What's attractive: cash flow of $166,724 is solid; DSCR of 1.75x at 20% down is comfortable — well above the SBA minimum; cash-on-cash return of 48% at 20% down is excellent. Watch-outs: no absentee signals — likely owner-operated and may be dependent on the current owner. Bottom line: Marginal fit (score 39/100). Proceed only if something specific about this deal appeals beyond the numbers.",2,3,3,2,1,1,1,1,2026-04-02T15:10:34.129758,True,calhoun
calhoun_minnesota-manufacturer-and-well-recognized-national-brand-real-estate-included-11911-jdd,Minnesota Manufacturer and well recognized National Brand - Real Estate Included - 11911 JDD,https://www.calhouncompanies.com/business/minnesota-manufacturer-and-well-recognized-national-brand-real-estate-included-11911-jdd,,Minnesota,20000000.0,"$20,000,000",3350265.0,32778924.0,,2000000.0,237871.33,2854455.96,495809.04,0.2479,1.17,4.03,4000000.0,211441.18,2537294.16,812970.84,0.2032,1.32,4.92,2000000.0,38665.6,463987.2,495809.04,31821.84,1.01,0,AUTO-REJECT,No,"over max price $20,000,000",False,29,,,,,"Minnesota Manufacturer and well recognized National Brand - Real Estate Included - 11911 JDD in Minnesota is listed at $20,000,000 with $3,350,265 in annual cash flow (SDE) and $32,778,924 in gross revenue, 29 years in operation. What's attractive: cash flow of $3,350,265 is strong and well above our preferred threshold; DSCR of 1.32x at 20% down clears the SBA minimum; cash-on-cash return of 20% at 20% down is attractive. Watch-outs: DSCR of 1.32x at 20% down is thin — leaves little cushion if revenue dips; no absentee signals — likely owner-operated and may be dependent on the current owner. Bottom line: Auto-rejected — does not meet baseline criteria.",2,3,3,3,1,1,1,3,2026-04-02T15:10:34.129769,True,calhoun
calhoun_mn-based-behavioral-health-company-two-locations-available-11894-sj,"MN based Behavioral Health Company, two locations, available! - 11894 SJ",https://www.calhouncompanies.com/business/mn-based-behavioral-health-company-two-locations-available-11894-sj,,Minnesota,5000000.0,"$5,000,000",1406000.0,3011227.0,,500000.0,59467.83,713613.96,692386.04,1.3848,1.97,0.72,1000000.0,52860.29,634323.48,771676.52,0.7717,2.22,1.3,500000.0,9666.4,115996.8,692386.04,576389.24,1.69,59,REVIEW,No,"strong CF $1,406,000; DSCR 2.22; CoC 77%; no heavy inventory; durable industry; Minnesota (not TC)",False,,,,,,"MN based Behavioral Health Company, two locations, available! - 11894 SJ in Minnesota is listed at $5,000,000 with $1,406,000 in annual cash flow (SDE) and $3,011,227 in gross revenue. What's attractive: cash flow of $1,406,000 is strong and well above our preferred threshold; DSCR of 2.22x at 20% down is comfortable — well above the SBA minimum; cash-on-cash return of 77% at 20% down is excellent; the industry is considered recession-resistant. Watch-outs: no absentee signals — likely owner-operated and may be dependent on the current owner. Bottom line: Decent opportunity (score 59/100) but not a clear standout. Dig into the financials before committing time.",2,2,3,1,1,1,2,2,2026-04-02T15:10:34.129779,True,calhoun
calhoun_must-see-bar-grill-sale-sits-just-2-hours-west-minneapolis-mn-11880-jdd,"A MUST SEE! Bar &amp; Grill with OFF-SALE sits just 2 hours west of Minneapolis, MN - 11880 JDD",https://www.calhouncompanies.com/business/must-see-bar-grill-sale-sits-just-2-hours-west-minneapolis-mn-11880-jdd,,Minnesota,500000.0,"$500,000",114380.0,654717.0,,50000.0,5946.78,71361.36,43018.64,0.8604,1.6,1.16,100000.0,5286.03,63432.36,50947.64,0.5095,1.8,1.96,50000.0,966.64,11599.68,43018.64,31418.96,1.38,48,REVIEW,Likely,"modest CF $114,380; DSCR 1.80; CoC 51%; no heavy inventory; operationally simple; recurring revenue signal; Twin Cities area",False,30,,,,,"A MUST SEE! Bar &amp; Grill with OFF-SALE sits just 2 hours west of Minneapolis, MN - 11880 JDD in Minnesota is listed at $500,000 with $114,380 in annual cash flow (SDE) and $654,717 in gross revenue, 30 years in operation. What's attractive: cash flow of $114,380 meets our minimum threshold; DSCR of 1.80x at 20% down is comfortable — well above the SBA minimum; cash-on-cash return of 51% at 20% down is excellent; current owner is absentee — well-suited for a new owner-operator or passive investor; recurring or contract revenue provides predictable cash flow. No significant concerns identified from the available data. Bottom line: Marginal fit (score 48/100). Proceed only if something specific about this deal appeals beyond the numbers.",2,3,1,2,2,3,1,1,2026-04-02T15:10:34.129793,True,calhoun
calhoun_northern-mn-lawn-garden-retailersvc-11876-slbjh,Northern MN Lawn &amp; Garden Retailer/Svc - 11876 SLBJH,https://www.calhouncompanies.com/business/northern-mn-lawn-garden-retailersvc-11876-slbjh,,Minnesota,1500000.0,"$1,500,000",283000.0,1600000.0,,150000.0,17840.35,214084.2,68915.8,0.4594,1.32,2.18,300000.0,15858.09,190297.08,92702.92,0.309,1.49,3.24,150000.0,2899.92,34799.04,68915.8,34116.76,1.14,34,SKIP,No,"decent CF $283,000; DSCR 1.49; CoC 31%; no heavy inventory; Minnesota (not TC)",False,24,,,,,"Northern MN Lawn &amp; Garden Retailer/Svc - 11876 SLBJH in Minnesota is listed at $1,500,000 with $283,000 in annual cash flow (SDE) and $1,600,000 in gross revenue, 24 years in operation. What's attractive: cash flow of $283,000 is solid; DSCR of 1.49x at 20% down clears the SBA minimum; cash-on-cash return of 31% at 20% down is excellent. Watch-outs: no absentee signals — likely owner-operated and may be dependent on the current owner. Bottom line: Score of 34/100 — below review threshold. Pass unless there is a specific strategic reason to look closer.",3,3,3,1,1,1,1,2,2026-04-02T15:10:34.129806,True,calhoun
calhoun_pine-mountain-general-store-grand-marais-11785-slb,Pine Mountain General Store - Grand Marais - 11785 SLB,https://www.calhouncompanies.com/business/pine-mountain-general-store-grand-marais-11785-slb,,Minnesota,379000.0,"$379,000",92794.0,246979.0,,37900.0,4507.66,54091.92,38702.08,1.0212,1.72,0.98,75800.0,4006.81,48081.72,44712.28,0.5899,1.93,1.7,37900.0,732.71,8792.52,38702.08,29909.56,1.48,34,SKIP,No,"modest CF $92,794; DSCR 1.93; CoC 59%; no heavy inventory; Minnesota (not TC)",False,28,,,,,"Pine Mountain General Store - Grand Marais - 11785 SLB in Minnesota is listed at $379,000 with $92,794 in annual cash flow (SDE) and $246,979 in gross revenue, 28 years in operation. What's attractive: cash flow of $92,794 meets our minimum threshold; DSCR of 1.93x at 20% down is comfortable — well above the SBA minimum; cash-on-cash return of 59% at 20% down is excellent. Watch-outs: only $44,712 remains after SBA debt at 20% down — limited owner salary buffer; no absentee signals — likely owner-operated and may be dependent on the current owner. Bottom line: Score of 34/100 — below review threshold. Pass unless there is a specific strategic reason to look closer.",2,2,2,1,1,1,1,2,2026-04-02T15:10:34.129816,True,calhoun
calhoun_plumbing-mechanical-hvac-company-sale-11936-djcl,Plumbing &amp; Mechanical HVAC Company for Sale - 11936 DJCL,https://www.calhouncompanies.com/business/plumbing-mechanical-hvac-company-sale-11936-djcl,,Minnesota,400000.0,"$400,000",199925.0,,,40000.0,4757.43,57089.16,142835.84,3.5709,3.5,0.28,80000.0,4228.82,50745.84,149179.16,1.8647,3.94,0.54,40000.0,773.31,9279.72,142835.84,133556.12,3.01,54,REVIEW,No,"decent CF $199,925; DSCR 3.94; CoC 186%; no heavy inventory; durable industry; Twin Cities area",True,27,,,,,"Plumbing &amp; Mechanical HVAC Company for Sale - 11936 DJCL in Minnesota is listed at $400,000 with $199,925 in annual cash flow (SDE), 27 years in operation. What's attractive: cash flow of $199,925 is solid; DSCR of 3.94x at 20% down is comfortable — well above the SBA minimum; cash-on-cash return of 186% at 20% down is excellent; the industry is considered recession-resistant. Watch-outs: no absentee signals — likely owner-operated and may be dependent on the current owner. Bottom line: Decent opportunity (score 54/100) but not a clear standout. Dig into the financials before committing time.",3,2,3,3,2,1,2,1,2026-04-02T15:10:34.129826,True,calhoun
calhoun_premier-twin-cities-self-pour-taproom-11912-mmkb,Premier Twin Cities Self-Pour Taproom - 11912 MMKB,https://www.calhouncompanies.com/business/premier-twin-cities-self-pour-taproom-11912-mmkb,,Minnesota,199000.0,"$199,000",,400000.0,,19900.0,2366.82,28401.84,,,,,39800.0,2103.84,25246.08,,,,,,,,,,,0,AUTO-REJECT,No,no cash flow data,False,2,,,,,"Premier Twin Cities Self-Pour Taproom - 11912 MMKB in Minnesota is listed at $199,000 and $400,000 in gross revenue, 2 years in operation. No standout strengths were identified from the available data. Watch-outs: no absentee signals — likely owner-operated and may be dependent on the current owner; cash flow data is missing — cannot model returns without seller verification. Bottom line: Auto-rejected — does not meet baseline criteria.",2,2,2,2,1,1,2,2,2026-04-02T15:10:34.129833,True,calhoun
calhoun_price-reduced-high-end-drapery-and-window-treatment-manufacturingservice-business-11851-mb,Price Reduced! High End Drapery and Window Treatment Manufacturing/Service Business - 11851 MB,https://www.calhouncompanies.com/business/price-reduced-high-end-drapery-and-window-treatment-manufacturingservice-business-11851-mb,,Minnesota,280000.0,"$280,000",116302.0,614830.0,,28000.0,3330.2,39962.4,76339.6,2.7264,2.91,0.37,56000.0,2960.18,35522.16,80779.84,1.4425,3.27,0.69,28000.0,541.32,6495.84,76339.6,69843.76,2.5,44,REVIEW,No,"modest CF $116,302; DSCR 3.27; CoC 144%; no heavy inventory; durable industry; Minnesota (not TC)",False,,,,,,"Price Reduced! High End Drapery and Window Treatment Manufacturing/Service Business - 11851 MB in Minnesota is listed at $280,000 with $116,302 in annual cash flow (SDE) and $614,830 in gross revenue. What's attractive: cash flow of $116,302 meets our minimum threshold; DSCR of 3.27x at 20% down is comfortable — well above the SBA minimum; cash-on-cash return of 144% at 20% down is excellent; the industry is considered recession-resistant. Watch-outs: no absentee signals — likely owner-operated and may be dependent on the current owner. Bottom line: Marginal fit (score 44/100). Proceed only if something specific about this deal appeals beyond the numbers.",2,1,3,3,1,1,1,2,2026-04-02T15:10:34.129843,True,calhoun
calhoun_price-reduced-home-improvement-business-based-rochester-11831-trm,Price Reduced - Home Improvement Business Based in Rochester! - 11831 TRM,https://www.calhouncompanies.com/business/price-reduced-home-improvement-business-based-rochester-11831-trm,,Minnesota,225000.0,"$225,000",81470.0,352300.0,,22500.0,2676.05,32112.6,49357.4,2.1937,2.54,0.46,45000.0,2378.71,28544.52,52925.48,1.1761,2.85,0.85,22500.0,434.99,5219.88,49357.4,44137.52,2.18,44,REVIEW,No,"modest CF $81,470; DSCR 2.85; CoC 118%; no heavy inventory; durable industry; Minnesota (not TC)",True,11,,,,,"Price Reduced - Home Improvement Business Based in Rochester! - 11831 TRM in Minnesota is listed at $225,000 with $81,470 in annual cash flow (SDE) and $352,300 in gross revenue, 11 years in operation. What's attractive: cash flow of $81,470 meets our minimum threshold; DSCR of 2.85x at 20% down is comfortable — well above the SBA minimum; cash-on-cash return of 118% at 20% down is excellent; the industry is considered recession-resistant. Watch-outs: no absentee signals — likely owner-operated and may be dependent on the current owner. Bottom line: Marginal fit (score 44/100). Proceed only if something specific about this deal appeals beyond the numbers.",3,2,2,3,1,1,2,2,2026-04-02T15:10:34.129856,True,calhoun
calhoun_price-reduced-well-established-hair-salon-east-metro-11842-trm,PRICE REDUCED: Well-established Hair Salon in East Metro - 11842 TRM,https://www.calhouncompanies.com/business/price-reduced-well-established-hair-salon-east-metro-11842-trm,,Minnesota,199900.0,"$199,900",81831.0,261109.0,,19990.0,2377.52,28530.24,53300.76,2.6664,2.87,0.38,39980.0,2113.35,25360.2,56470.8,1.4125,3.23,0.71,19990.0,386.46,4637.52,53300.76,48663.24,2.47,42,REVIEW,No,"modest CF $81,831; DSCR 3.23; CoC 141%; no heavy inventory; operationally simple; Twin Cities area",False,40,,,,,"PRICE REDUCED: Well-established Hair Salon in East Metro - 11842 TRM in Minnesota is listed at $199,900 with $81,831 in annual cash flow (SDE) and $261,109 in gross revenue, 40 years in operation. What's attractive: cash flow of $81,831 meets our minimum threshold; DSCR of 3.23x at 20% down is comfortable — well above the SBA minimum; cash-on-cash return of 141% at 20% down is excellent. Watch-outs: no absentee signals — likely owner-operated and may be dependent on the current owner. Bottom line: Marginal fit (score 42/100). Proceed only if something specific about this deal appeals beyond the numbers.",2,3,2,2,1,1,2,2,2026-04-02T15:10:34.129866,True,calhoun
calhoun_price-reduced-window-washing-service-11875-mb,Price Reduced - Window Washing Service - 11875 MB,https://www.calhouncompanies.com/business/price-reduced-window-washing-service-11875-mb,,Minnesota,60000.0,"$60,000",51540.0,70993.0,,6000.0,713.61,8563.32,42976.68,7.1628,6.02,0.14,12000.0,634.32,7611.84,43928.16,3.6607,6.77,0.27,6000.0,116.0,1392.0,42976.68,41584.68,5.18,39,REVIEW,No,"low CF $51,540; DSCR 6.77; CoC 366%; no heavy inventory; durable industry; Minnesota (not TC)",True,,,,,,"Price Reduced - Window Washing Service - 11875 MB in Minnesota is listed at $60,000 with $51,540 in annual cash flow (SDE) and $70,993 in gross revenue. What's attractive: DSCR of 6.77x at 20% down is comfortable — well above the SBA minimum; cash-on-cash return of 366% at 20% down is excellent; the industry is considered recession-resistant. Watch-outs: only $43,928 remains after SBA debt at 20% down — limited owner salary buffer; no absentee signals — likely owner-operated and may be dependent on the current owner. Bottom line: Marginal fit (score 39/100). Proceed only if something specific about this deal appeals beyond the numbers.",2,2,1,2,1,1,3,3,2026-04-02T15:10:34.129876,True,calhoun
calhoun_profitable-barrestaurant-duluth-superior-11891-slbjh,Profitable Bar/Restaurant in Duluth-Superior - 11891 SLBJH,https://www.calhouncompanies.com/business/profitable-barrestaurant-duluth-superior-11891-slbjh,,Minnesota,1999000.0,"$1,999,000",362916.0,1455294.0,,199900.0,23775.24,285302.88,77613.12,0.3883,1.27,2.58,399800.0,21133.55,253602.6,109313.4,0.2734,1.43,3.66,199900.0,3864.63,46375.56,77613.12,31237.56,1.09,44,REVIEW,Possible,"strong CF $362,916; DSCR 1.43; CoC 27%; no heavy inventory; operationally simple; Minnesota (not TC)",False,69,,,,,"Profitable Bar/Restaurant in Duluth-Superior - 11891 SLBJH in Minnesota is listed at $1,999,000 with $362,916 in annual cash flow (SDE) and $1,455,294 in gross revenue, 69 years in operation. What's attractive: cash flow of $362,916 is strong and well above our preferred threshold; DSCR of 1.43x at 20% down clears the SBA minimum; cash-on-cash return of 27% at 20% down is attractive; owner involvement appears minimal, which may make the transition easier. No significant concerns identified from the available data. Bottom line: Marginal fit (score 44/100). Proceed only if something specific about this deal appeals beyond the numbers.",2,3,3,1,1,2,1,3,2026-04-02T15:10:34.129886,True,calhoun
calhoun_profitable-full-service-appliance-store-available-11667-jl,Profitable Full-Service Appliance Store Available! - 11667 JL,https://www.calhouncompanies.com/business/profitable-full-service-appliance-store-available-11667-jl,,Minnesota,365000.0,"$365,000",27375.0,1148673.0,,36500.0,4341.15,52093.8,-24718.8,-0.6772,0.53,,73000.0,3858.8,46305.6,-18930.6,-0.2593,0.59,,36500.0,705.65,8467.8,-24718.8,-33186.6,0.45,0,AUTO-REJECT,No,DSCR 0.59 below 1.25,True,32,,,,,"Profitable Full-Service Appliance Store Available! - 11667 JL in Minnesota is listed at $365,000 with $27,375 in annual cash flow (SDE) and $1,148,673 in gross revenue, 32 years in operation. No standout strengths were identified from the available data. Watch-outs: DSCR of 0.59x at 20% down is thin — leaves little cushion if revenue dips; cash-on-cash return of -26% is below our 15% target; only $-18,931 remains after SBA debt at 20% down — limited owner salary buffer; no absentee signals — likely owner-operated and may be dependent on the current owner. Bottom line: Auto-rejected — does not meet baseline criteria.",3,2,2,2,2,1,2,1,2026-04-02T15:10:34.129896,True,calhoun
calhoun_profitable-home-care-agency-sale-turnkey-opportunity-senior-services-11906-mmkb-0,Profitable Home Care Agency for Sale – Turnkey Opportunity in Senior Services - 11906 MMKB,https://www.calhouncompanies.com/business/profitable-home-care-agency-sale-turnkey-opportunity-senior-services-11906-mmkb-0,,Minnesota,130000.0,"$130,000",36431.0,308531.0,,13000.0,1546.16,18553.92,17877.08,1.3752,1.96,0.73,26000.0,1374.37,16492.44,19938.56,0.7669,2.21,1.3,13000.0,251.33,3015.96,17877.08,14861.12,1.69,32,SKIP,No,"low CF $36,431; DSCR 2.21; CoC 77%; no heavy inventory; operationally simple; Minnesota (not TC)",False,16,,,,,"Profitable Home Care Agency for Sale – Turnkey Opportunity in Senior Services - 11906 MMKB in Minnesota is listed at $130,000 with $36,431 in annual cash flow (SDE) and $308,531 in gross revenue, 16 years in operation. What's attractive: DSCR of 2.21x at 20% down is comfortable — well above the SBA minimum; cash-on-cash return of 77% at 20% down is excellent. Watch-outs: only $19,939 remains after SBA debt at 20% down — limited owner salary buffer; no absentee signals — likely owner-operated and may be dependent on the current owner. Bottom line: Score of 32/100 — below review threshold. Pass unless there is a specific strategic reason to look closer.",2,2,2,2,1,1,2,3,2026-04-02T15:10:34.129911,True,calhoun
calhoun_profitable-pool-repair-and-maintenance-business-11930-sdjd,Profitable Pool Repair and Maintenance Business - 11930 SDJD,https://www.calhouncompanies.com/business/profitable-pool-repair-and-maintenance-business-11930-sdjd,,Minnesota,450000.0,"$450,000",249942.0,678891.0,,45000.0,5352.1,64225.2,185716.8,4.127,3.89,0.24,90000.0,4757.43,57089.16,192852.84,2.1428,4.38,0.47,45000.0,869.98,10439.76,185716.8,175277.04,3.35,42,REVIEW,No,"decent CF $249,942; DSCR 4.38; CoC 214%; no heavy inventory; operationally simple; Minnesota (not TC)",True,4,,,,,"Profitable Pool Repair and Maintenance Business - 11930 SDJD in Minnesota is listed at $450,000 with $249,942 in annual cash flow (SDE) and $678,891 in gross revenue, 4 years in operation. What's attractive: cash flow of $249,942 is solid; DSCR of 4.38x at 20% down is comfortable — well above the SBA minimum; cash-on-cash return of 214% at 20% down is excellent. Watch-outs: no absentee signals — likely owner-operated and may be dependent on the current owner. Bottom line: Marginal fit (score 42/100). Proceed only if something specific about this deal appeals beyond the numbers.",2,2,2,2,1,1,2,1,2026-04-02T15:10:34.129921,True,calhoun
calhoun_rare-property-sale-prime-main-street-real-estate-minneapolis-suburb-11916-rw,Rare Property for Sale! Prime Main Street Real Estate in this Minneapolis Suburb. - 11916 RW,https://www.calhouncompanies.com/business/rare-property-sale-prime-main-street-real-estate-minneapolis-suburb-11916-rw,,Minnesota,3300000.0,"$3,300,000",,,,330000.0,39248.77,470985.24,,,,,660000.0,34887.79,418653.48,,,,,,,,,,,0,AUTO-REJECT,No,no cash flow data,True,12,,,,,"Rare Property for Sale! Prime Main Street Real Estate in this Minneapolis Suburb. - 11916 RW in Minnesota is listed at $3,300,000, 12 years in operation. No standout strengths were identified from the available data. Watch-outs: no absentee signals — likely owner-operated and may be dependent on the current owner; cash flow data is missing — cannot model returns without seller verification. Bottom line: Auto-rejected — does not meet baseline criteria.",3,3,1,3,1,1,2,2,2026-04-02T15:10:34.129931,True,calhoun
calhoun_raw-land-gunflint-trail-11878-slbjh,Raw Land on Gunflint Trail - 11878 SLBJH,https://www.calhouncompanies.com/business/raw-land-gunflint-trail-11878-slbjh,,Minnesota,595000.0,"$595,000",,,,59500.0,7076.67,84920.04,,,,,119000.0,6290.38,75484.56,,,,,,,,,,,0,AUTO-REJECT,No,no cash flow data,True,,,,,,"Raw Land on Gunflint Trail - 11878 SLBJH in Minnesota is listed at $595,000. No standout strengths were identified from the available data. Watch-outs: no absentee signals — likely owner-operated and may be dependent on the current owner; cash flow data is missing — cannot model returns without seller verification. Bottom line: Auto-rejected — does not meet baseline criteria.",2,3,2,2,1,1,2,2,2026-04-02T15:10:34.129938,True,calhoun
calhoun_reputable-fiduciary-services-sale-11810-mmkb,Reputable Fiduciary Services for Sale! - 11810 MMKB,https://www.calhouncompanies.com/business/reputable-fiduciary-services-sale-11810-mmkb,,Minnesota,475000.0,"$475,000",153175.0,350381.0,,47500.0,5649.44,67793.28,85381.72,1.7975,2.26,0.56,95000.0,5021.73,60260.76,92914.24,0.978,2.54,1.02,47500.0,918.31,11019.72,85381.72,74362.0,1.94,47,REVIEW,No,"decent CF $153,175; DSCR 2.54; CoC 98%; no heavy inventory; operationally simple; Twin Cities area",False,12,,,,,"Reputable Fiduciary Services for Sale! - 11810 MMKB in Minnesota is listed at $475,000 with $153,175 in annual cash flow (SDE) and $350,381 in gross revenue, 12 years in operation. What's attractive: cash flow of $153,175 is solid; DSCR of 2.54x at 20% down is comfortable — well above the SBA minimum; cash-on-cash return of 98% at 20% down is excellent. Watch-outs: no absentee signals — likely owner-operated and may be dependent on the current owner. Bottom line: Marginal fit (score 47/100). Proceed only if something specific about this deal appeals beyond the numbers.",2,2,2,2,1,1,2,2,2026-04-02T15:10:34.129948,True,calhoun
calhoun_residential-construction-business-available-11947-sdjd,Residential Construction Business Available! - 11947 SDJD,https://www.calhouncompanies.com/business/residential-construction-business-available-11947-sdjd,,Minnesota,475000.0,"$475,000",253823.0,1544858.0,,47500.0,5649.44,67793.28,186029.72,3.9164,3.74,0.26,95000.0,5021.73,60260.76,193562.24,2.0375,4.21,0.49,47500.0,918.31,11019.72,186029.72,175010.0,3.22,49,REVIEW,No,"decent CF $253,823; DSCR 4.21; CoC 204%; no heavy inventory; durable industry; Minnesota (not TC)",True,40,,,,,"Residential Construction Business Available! - 11947 SDJD in Minnesota is listed at $475,000 with $253,823 in annual cash flow (SDE) and $1,544,858 in gross revenue, 40 years in operation. What's attractive: cash flow of $253,823 is solid; DSCR of 4.21x at 20% down is comfortable — well above the SBA minimum; cash-on-cash return of 204% at 20% down is excellent; the industry is considered recession-resistant. Watch-outs: no absentee signals — likely owner-operated and may be dependent on the current owner. Bottom line: Marginal fit (score 49/100). Proceed only if something specific about this deal appeals beyond the numbers.",3,2,2,3,1,1,2,1,2026-04-02T15:10:34.129958,True,calhoun
calhoun_self-storage-11830-sdjd,Self Storage - 11830 SDJD,https://www.calhouncompanies.com/business/self-storage-11830-sdjd,,Minnesota,649000.0,"$649,000",31764.0,56673.0,,64900.0,7718.92,92627.04,-60863.04,-0.9378,0.34,,129800.0,6861.27,82335.24,-50571.24,-0.3896,0.39,,64900.0,1254.7,15056.4,-60863.04,-75919.44,0.29,0,AUTO-REJECT,No,DSCR 0.39 below 1.25,False,4,,,,,"Self Storage - 11830 SDJD in Minnesota is listed at $649,000 with $31,764 in annual cash flow (SDE) and $56,673 in gross revenue, 4 years in operation. No standout strengths were identified from the available data. Watch-outs: DSCR of 0.39x at 20% down is thin — leaves little cushion if revenue dips; cash-on-cash return of -39% is below our 15% target; only $-50,571 remains after SBA debt at 20% down — limited owner salary buffer; no absentee signals — likely owner-operated and may be dependent on the current owner. Bottom line: Auto-rejected — does not meet baseline criteria.",1,3,1,2,1,1,2,2,2026-04-02T15:10:34.129968,True,calhoun
calhoun_service-station-fuel-retail-1-hr-south-minneapolis-11860-jdd,SERVICE STATION WITH FUEL &amp; RETAIL - 1 HR SOUTH OF MINNEAPOLIS! - 11860 JDD,https://www.calhouncompanies.com/business/service-station-fuel-retail-1-hr-south-minneapolis-11860-jdd,,Minnesota,900000.0,"$900,000",438045.0,1730238.0,,90000.0,10704.21,128450.52,309594.48,3.4399,3.41,0.29,180000.0,9514.85,114178.2,323866.8,1.7993,3.84,0.56,90000.0,1739.95,20879.4,309594.48,288715.08,2.93,54,REVIEW,No,"strong CF $438,045; DSCR 3.84; CoC 180%; no heavy inventory; Twin Cities area",False,75,,,,,"SERVICE STATION WITH FUEL &amp; RETAIL - 1 HR SOUTH OF MINNEAPOLIS! - 11860 JDD in Minnesota is listed at $900,000 with $438,045 in annual cash flow (SDE) and $1,730,238 in gross revenue, 75 years in operation. What's attractive: cash flow of $438,045 is strong and well above our preferred threshold; DSCR of 3.84x at 20% down is comfortable — well above the SBA minimum; cash-on-cash return of 180% at 20% down is excellent. Watch-outs: no absentee signals — likely owner-operated and may be dependent on the current owner. Bottom line: Decent opportunity (score 54/100) but not a clear standout. Dig into the financials before committing time.",2,3,3,1,2,1,2,1,2026-04-02T15:10:34.129979,True,calhoun
calhoun_shell-gas-station-multi-bay-car-wash-two-parcels-turn-key-cash-flowing-value-add-2-hr-40,"SHELL Gas Station + Multi-Bay Car Wash on Two Parcels | Turn-Key, Cash-Flowing, Value-Add | 2 hr 40 min West of Minneapolis, MN - 11901 JDD",https://www.calhouncompanies.com/business/shell-gas-station-multi-bay-car-wash-two-parcels-turn-key-cash-flowing-value-add-2-hr-40,,Minnesota,1600000.0,"$1,600,000",178880.0,3202344.0,,160000.0,19029.71,228356.52,-49476.52,-0.3092,0.78,,320000.0,16915.29,202983.48,-24103.48,-0.0753,0.88,,160000.0,3093.25,37119.0,-49476.52,-86595.52,0.67,0,AUTO-REJECT,No,DSCR 0.88 below 1.25,False,,,,,,"SHELL Gas Station + Multi-Bay Car Wash on Two Parcels | Turn-Key, Cash-Flowing, Value-Add | 2 hr 40 min West of Minneapolis, MN - 11901 JDD in Minnesota is listed at $1,600,000 with $178,880 in annual cash flow (SDE) and $3,202,344 in gross revenue. What's attractive: cash flow of $178,880 is solid. Watch-outs: DSCR of 0.88x at 20% down is thin — leaves little cushion if revenue dips; cash-on-cash return of -8% is below our 15% target; only $-24,103 remains after SBA debt at 20% down — limited owner salary buffer; no absentee signals — likely owner-operated and may be dependent on the current owner. Bottom line: Auto-rejected — does not meet baseline criteria.",1,2,2,2,3,1,2,1,2026-04-02T15:10:34.129991,True,calhoun
calhoun_tax-practice-sale-11857-mmkb,Tax Practice for Sale! - 11857 MMKB,https://www.calhouncompanies.com/business/tax-practice-sale-11857-mmkb,,Minnesota,300000.0,"$300,000",108584.0,313267.0,,30000.0,3568.07,42816.84,65767.16,2.1922,2.54,0.46,60000.0,3171.62,38059.44,70524.56,1.1754,2.85,0.85,30000.0,579.98,6959.76,65767.16,58807.4,2.18,45,REVIEW,No,"modest CF $108,584; DSCR 2.85; CoC 118%; no heavy inventory; recurring revenue signal; Twin Cities area",False,23,,,,,"Tax Practice for Sale! - 11857 MMKB in Minnesota is listed at $300,000 with $108,584 in annual cash flow (SDE) and $313,267 in gross revenue, 23 years in operation. What's attractive: cash flow of $108,584 meets our minimum threshold; DSCR of 2.85x at 20% down is comfortable — well above the SBA minimum; cash-on-cash return of 118% at 20% down is excellent; recurring or contract revenue provides predictable cash flow. Watch-outs: no absentee signals — likely owner-operated and may be dependent on the current owner. Bottom line: Marginal fit (score 45/100). Proceed only if something specific about this deal appeals beyond the numbers.",1,1,2,1,2,1,2,3,2026-04-02T15:10:34.130004,True,calhoun
calhoun_towing-company-fuel-service-50-minutes-south-minneapolis-11882-jdd,Towing Company with Fuel &amp; Service – 50 Minutes South of Minneapolis - 11882 JDD,https://www.calhouncompanies.com/business/towing-company-fuel-service-50-minutes-south-minneapolis-11882-jdd,,Minnesota,1500000.0,"$1,500,000",218203.0,1978985.0,,150000.0,17840.35,214084.2,4118.8,0.0275,1.02,36.42,300000.0,15858.09,190297.08,27905.92,0.093,1.15,10.75,150000.0,2899.92,34799.04,4118.8,-30680.24,0.88,0,AUTO-REJECT,No,DSCR 1.15 below 1.25,True,88,,,,,"Towing Company with Fuel &amp; Service – 50 Minutes South of Minneapolis - 11882 JDD in Minnesota is listed at $1,500,000 with $218,203 in annual cash flow (SDE) and $1,978,985 in gross revenue, 88 years in operation. What's attractive: cash flow of $218,203 is solid. Watch-outs: DSCR of 1.15x at 20% down is thin — leaves little cushion if revenue dips; cash-on-cash return of 9% is below our 15% target; only $27,906 remains after SBA debt at 20% down — limited owner salary buffer; no absentee signals — likely owner-operated and may be dependent on the current owner. Bottom line: Auto-rejected — does not meet baseline criteria.",3,3,3,3,1,1,1,2,2026-04-02T15:10:34.130014,True,calhoun
calhoun_treatment-center-11887-djcl,Treatment Center - 11887 DJCL,https://www.calhouncompanies.com/business/treatment-center-11887-djcl,,Minnesota,8750000.0,"$8,750,000",897452.0,2300391.0,,875000.0,104068.71,1248824.52,-351372.52,-0.4016,0.72,,1750000.0,92505.52,1110066.24,-212614.24,-0.1215,0.81,,875000.0,16916.2,202994.4,-351372.52,-554366.92,0.62,0,AUTO-REJECT,No,"over max price $8,750,000",False,15,,,,,"Treatment Center - 11887 DJCL in Minnesota is listed at $8,750,000 with $897,452 in annual cash flow (SDE) and $2,300,391 in gross revenue, 15 years in operation. What's attractive: cash flow of $897,452 is strong and well above our preferred threshold. Watch-outs: DSCR of 0.81x at 20% down is thin — leaves little cushion if revenue dips; cash-on-cash return of -12% is below our 15% target; only $-212,614 remains after SBA debt at 20% down — limited owner salary buffer; no absentee signals — likely owner-operated and may be dependent on the current owner. Bottom line: Auto-rejected — does not meet baseline criteria.",2,2,2,1,1,1,2,2,2026-04-02T15:10:34.130024,True,calhoun
calhoun_tree-care-services-northern-mn-11938-sdjd,Tree Care Services in Northern MN - 11938 SDJD,https://www.calhouncompanies.com/business/tree-care-services-northern-mn-11938-sdjd,,Minnesota,129000.0,"$129,000",73918.0,144203.0,,12900.0,1534.27,18411.24,55506.76,4.3028,4.01,0.23,25800.0,1363.8,16365.6,57552.4,2.2307,4.52,0.45,12900.0,249.39,2992.68,55506.76,52514.08,3.45,29,SKIP,No,"low CF $73,918; DSCR 4.52; CoC 223%; no heavy inventory; Minnesota (not TC)",True,15,,,,,"Tree Care Services in Northern MN - 11938 SDJD in Minnesota is listed at $129,000 with $73,918 in annual cash flow (SDE) and $144,203 in gross revenue, 15 years in operation. What's attractive: DSCR of 4.52x at 20% down is comfortable — well above the SBA minimum; cash-on-cash return of 223% at 20% down is excellent. Watch-outs: no absentee signals — likely owner-operated and may be dependent on the current owner. Bottom line: Score of 29/100 — below review threshold. Pass unless there is a specific strategic reason to look closer.",1,2,1,1,1,1,3,2,2026-04-02T15:10:34.130034,True,calhoun
calhoun_turn-key-grocery-store-near-alexandria-mn-expansion-ready-11845-jdd,"Turn-Key Grocery Store Near Alexandria, MN — Expansion-Ready! - 11845 JDD",https://www.calhouncompanies.com/business/turn-key-grocery-store-near-alexandria-mn-expansion-ready-11845-jdd,,Minnesota,400000.0,"$400,000",10685.0,191262.0,,40000.0,4757.43,57089.16,-46404.16,-1.1601,0.19,,80000.0,4228.82,50745.84,-40060.84,-0.5008,0.21,,40000.0,773.31,9279.72,-46404.16,-55683.88,0.16,0,AUTO-REJECT,No,DSCR 0.21 below 1.25,False,20,,,,,"Turn-Key Grocery Store Near Alexandria, MN — Expansion-Ready! - 11845 JDD in Minnesota is listed at $400,000 with $10,685 in annual cash flow (SDE) and $191,262 in gross revenue, 20 years in operation. No standout strengths were identified from the available data. Watch-outs: DSCR of 0.21x at 20% down is thin — leaves little cushion if revenue dips; cash-on-cash return of -50% is below our 15% target; only $-40,061 remains after SBA debt at 20% down — limited owner salary buffer; no absentee signals — likely owner-operated and may be dependent on the current owner. Bottom line: Auto-rejected — does not meet baseline criteria.",2,3,2,2,1,1,2,2,2026-04-02T15:10:34.130044,True,calhoun
calhoun_turn-key-small-town-gem-unbranded-gas-station-c-store-hot-food-following-2-hr-20-min-se,"Turn-Key Small-Town Gem – Unbranded Gas Station &amp; C-Store with Hot Food Following | 2 hr 20 min SE of Minneapolis, 20 min East of La Crosse - 11904 JDD",https://www.calhouncompanies.com/business/turn-key-small-town-gem-unbranded-gas-station-c-store-hot-food-following-2-hr-20-min-se,,Minnesota,575000.0,"$575,000",157192.0,1510218.0,,57500.0,6838.8,82065.6,75126.4,1.3065,1.92,0.77,115000.0,6078.93,72947.16,84244.84,0.7326,2.15,1.37,57500.0,1111.64,13339.68,75126.4,61786.72,1.65,50,REVIEW,No,"decent CF $157,192; DSCR 2.15; CoC 73%; no heavy inventory; recurring revenue signal; Twin Cities area",False,56,,,,,"Turn-Key Small-Town Gem – Unbranded Gas Station &amp; C-Store with Hot Food Following | 2 hr 20 min SE of Minneapolis, 20 min East of La Crosse - 11904 JDD in Minnesota is listed at $575,000 with $157,192 in annual cash flow (SDE) and $1,510,218 in gross revenue, 56 years in operation. What's attractive: cash flow of $157,192 is solid; DSCR of 2.15x at 20% down is comfortable — well above the SBA minimum; cash-on-cash return of 73% at 20% down is excellent; recurring or contract revenue provides predictable cash flow. Watch-outs: no absentee signals — likely owner-operated and may be dependent on the current owner. Bottom line: Decent opportunity (score 50/100) but not a clear standout. Dig into the financials before committing time.",1,3,2,1,2,1,2,1,2026-04-02T15:10:34.130058,True,calhoun
calhoun_turnkey-wedding-event-center-11775-jl,Turnkey Wedding &amp; Event Center! - 11775 JL,https://www.calhouncompanies.com/business/turnkey-wedding-event-center-11775-jl,,Minnesota,614000.0,"$614,000",58204.0,204405.0,,61400.0,7302.65,87631.8,-29427.8,-0.4793,0.66,,122800.0,6491.24,77894.88,-19690.88,-0.1603,0.75,,61400.0,1187.03,14244.36,-29427.8,-43672.16,0.57,0,AUTO-REJECT,No,DSCR 0.75 below 1.25,False,8,,,,,"Turnkey Wedding &amp; Event Center! - 11775 JL in Minnesota is listed at $614,000 with $58,204 in annual cash flow (SDE) and $204,405 in gross revenue, 8 years in operation. No standout strengths were identified from the available data. Watch-outs: DSCR of 0.75x at 20% down is thin — leaves little cushion if revenue dips; cash-on-cash return of -16% is below our 15% target; only $-19,691 remains after SBA debt at 20% down — limited owner salary buffer; no absentee signals — likely owner-operated and may be dependent on the current owner. Bottom line: Auto-rejected — does not meet baseline criteria.",2,3,2,2,1,1,2,3,2026-04-02T15:10:34.130067,True,calhoun
calhoun_twin-cities-metro-area-assisted-living-available-11896-sj,Twin Cities Metro Area Assisted Living AVAILABLE - 11896 SJ,https://www.calhouncompanies.com/business/twin-cities-metro-area-assisted-living-available-11896-sj,,Minnesota,2569000.0,"$2,569,000",371320.0,1262012.0,,256900.0,30554.57,366654.84,4665.16,0.0182,1.01,55.07,513800.0,27159.62,325915.44,45404.56,0.0884,1.14,11.32,256900.0,4966.6,59599.2,4665.16,-54934.04,0.87,0,AUTO-REJECT,No,DSCR 1.14 below 1.25,False,8,,,,,"Twin Cities Metro Area Assisted Living AVAILABLE - 11896 SJ in Minnesota is listed at $2,569,000 with $371,320 in annual cash flow (SDE) and $1,262,012 in gross revenue, 8 years in operation. What's attractive: cash flow of $371,320 is strong and well above our preferred threshold. Watch-outs: DSCR of 1.14x at 20% down is thin — leaves little cushion if revenue dips; cash-on-cash return of 9% is below our 15% target; only $45,405 remains after SBA debt at 20% down — limited owner salary buffer; no absentee signals — likely owner-operated and may be dependent on the current owner. Bottom line: Auto-rejected — does not meet baseline criteria.",2,2,2,2,1,1,2,2,2026-04-02T15:10:34.130077,True,calhoun
calhoun_underground-utilities-contractor-twin-cities-metro-11897-djcl,Underground Utilities Contractor - Twin Cities Metro - 11897 DJCL,https://www.calhouncompanies.com/business/underground-utilities-contractor-twin-cities-metro-11897-djcl,,Minnesota,1100000.0,"$1,100,000",296746.0,822665.0,,110000.0,13082.92,156995.04,139750.96,1.2705,1.89,0.79,220000.0,11629.26,139551.12,157194.88,0.7145,2.13,1.4,110000.0,2126.61,25519.32,139750.96,114231.64,1.63,47,REVIEW,No,"decent CF $296,746; DSCR 2.13; CoC 71%; no heavy inventory; operationally simple; Twin Cities area",True,30,,,,,"Underground Utilities Contractor - Twin Cities Metro - 11897 DJCL in Minnesota is listed at $1,100,000 with $296,746 in annual cash flow (SDE) and $822,665 in gross revenue, 30 years in operation. What's attractive: cash flow of $296,746 is solid; DSCR of 2.13x at 20% down is comfortable — well above the SBA minimum; cash-on-cash return of 71% at 20% down is excellent. Watch-outs: no absentee signals — likely owner-operated and may be dependent on the current owner. Bottom line: Marginal fit (score 47/100). Proceed only if something specific about this deal appeals beyond the numbers.",2,2,2,2,2,1,2,3,2026-04-02T15:10:34.130088,True,calhoun
calhoun_value-savings-center-strong-cash-flow-franchising-potential-11779-jdd,Value Savings Center — Strong Cash Flow &amp; Franchising Potential - 11779 JDD,https://www.calhouncompanies.com/business/value-savings-center-strong-cash-flow-franchising-potential-11779-jdd,,Minnesota,300000.0,"$300,000",8256.0,276713.0,,30000.0,3568.07,42816.84,-34560.84,-1.152,0.19,,60000.0,3171.62,38059.44,-29803.44,-0.4967,0.22,,30000.0,579.98,6959.76,-34560.84,-41520.6,0.17,0,AUTO-REJECT,Likely,DSCR 0.22 below 1.25,False,"2,014",,,,,"Value Savings Center — Strong Cash Flow &amp; Franchising Potential - 11779 JDD in Minnesota is listed at $300,000 with $8,256 in annual cash flow (SDE) and $276,713 in gross revenue, 2,014 years in operation. What's attractive: current owner is absentee — well-suited for a new owner-operator or passive investor. Watch-outs: DSCR of 0.22x at 20% down is thin — leaves little cushion if revenue dips; cash-on-cash return of -50% is below our 15% target; only $-29,803 remains after SBA debt at 20% down — limited owner salary buffer. Bottom line: Auto-rejected — does not meet baseline criteria.",2,3,3,2,1,3,1,2,2026-04-02T15:10:34.130097,True,calhoun
calhoun_well-established-highly-profitable-restaurant-prime-mankato-location-sale-11759-trm,Well-Established Highly Profitable Restaurant in Prime Mankato Location For Sale - 11759 TRM,https://www.calhouncompanies.com/business/well-established-highly-profitable-restaurant-prime-mankato-location-sale-11759-trm,,Minnesota,2200000.0,"$2,200,000",828087.0,2711136.0,,220000.0,26165.85,313990.2,514096.8,2.3368,2.64,0.43,440000.0,23258.53,279102.36,548984.64,1.2477,2.97,0.8,220000.0,4253.22,51038.64,514096.8,463058.16,2.27,52,REVIEW,No,"strong CF $828,087; DSCR 2.97; CoC 125%; no heavy inventory; operationally simple; Minnesota (not TC)",False,14,,,,,"Well-Established Highly Profitable Restaurant in Prime Mankato Location For Sale - 11759 TRM in Minnesota is listed at $2,200,000 with $828,087 in annual cash flow (SDE) and $2,711,136 in gross revenue, 14 years in operation. What's attractive: cash flow of $828,087 is strong and well above our preferred threshold; DSCR of 2.97x at 20% down is comfortable — well above the SBA minimum; cash-on-cash return of 125% at 20% down is excellent. Watch-outs: no absentee signals — likely owner-operated and may be dependent on the current owner. Bottom line: Decent opportunity (score 52/100) but not a clear standout. Dig into the financials before committing time.",2,3,3,2,1,1,1,2,2026-04-02T15:10:34.130107,True,calhoun
calhoun_well-established-home-remodeling-contractor-twin-cities-mn-5-star-google-reviews-11915-mb,"Well Established Home Remodeling Contractor, Twin Cities, MN, 5 Star Google Reviews - 11915 MB",https://www.calhouncompanies.com/business/well-established-home-remodeling-contractor-twin-cities-mn-5-star-google-reviews-11915-mb,,Minnesota,150000.0,"$150,000",76814.0,562790.0,,15000.0,1784.03,21408.36,55405.64,3.6937,3.59,0.27,30000.0,1585.81,19029.72,57784.28,1.9261,4.04,0.52,15000.0,289.99,3479.88,55405.64,51925.76,3.09,39,REVIEW,No,"modest CF $76,814; DSCR 4.04; CoC 193%; no heavy inventory; Twin Cities area",True,,,,,,"Well Established Home Remodeling Contractor, Twin Cities, MN, 5 Star Google Reviews - 11915 MB in Minnesota is listed at $150,000 with $76,814 in annual cash flow (SDE) and $562,790 in gross revenue. What's attractive: cash flow of $76,814 meets our minimum threshold; DSCR of 4.04x at 20% down is comfortable — well above the SBA minimum; cash-on-cash return of 193% at 20% down is excellent. Watch-outs: no absentee signals — likely owner-operated and may be dependent on the current owner. Bottom line: Marginal fit (score 39/100). Proceed only if something specific about this deal appeals beyond the numbers.",3,2,2,2,1,1,2,2,2026-04-02T15:10:34.130117,True,calhoun
calhoun_wholesale-auto-body-repair-shop-available-11856-djcl,Wholesale Auto Body &amp; Repair Shop Available! - 11856 DJCL,https://www.calhouncompanies.com/business/wholesale-auto-body-repair-shop-available-11856-djcl,,Minnesota,300000.0,"$300,000",153674.0,597632.0,,30000.0,3568.07,42816.84,110857.16,3.6952,3.59,0.27,60000.0,3171.62,38059.44,115614.56,1.9269,4.04,0.52,30000.0,579.98,6959.76,110857.16,103897.4,3.09,54,REVIEW,No,"decent CF $153,674; DSCR 4.04; CoC 193%; no heavy inventory; durable industry; Twin Cities area",False,23,,,,,"Wholesale Auto Body &amp; Repair Shop Available! - 11856 DJCL in Minnesota is listed at $300,000 with $153,674 in annual cash flow (SDE) and $597,632 in gross revenue, 23 years in operation. What's attractive: cash flow of $153,674 is solid; DSCR of 4.04x at 20% down is comfortable — well above the SBA minimum; cash-on-cash return of 193% at 20% down is excellent; the industry is considered recession-resistant. Watch-outs: no absentee signals — likely owner-operated and may be dependent on the current owner. Bottom line: Decent opportunity (score 54/100) but not a clear standout. Dig into the financials before committing time.",3,1,2,3,1,1,2,1,2026-04-02T15:10:34.130131,True,calhoun
